ts_event,S
2018-05-14,2730.0
2018-05-15,2710.1666666666665
2018-05-16,2726.125
2018-05-17,2728.4375
2018-05-18,2724.427488466612
2018-05-21,2738.625
2018-05-22,2740.6257393891765
2018-05-23,2736.5625
2018-05-24,2733.625
2018-05-25,2727.25
2018-05-28,2710.928834669863
2018-05-29,2694.0
2018-05-30,2728.5625
2018-05-31,2713.6875
2018-06-01,2740.0
2018-06-04,2752.4375
2018-06-05,2755.375
2018-06-06,2776.0
2018-06-07,2778.625
2018-06-08,2786.219806479013
2018-06-11,2792.5833333333335
2018-06-12,2797.6666666666665
2018-06-13,2787.25
2018-06-14,2792.5833333333335
2018-06-15,2785.8333333333335
2018-06-18,2772.9166666666665
2018-06-19,2771.5833333333335
2018-06-20,2774.1094647243967
2018-06-21,2759.4890987268245
2018-06-22,2752.9429989481073
2018-06-25,2734.553994802668
2018-06-26,2733.679716109883
2018-06-27,2718.9375
2018-06-28,2734.759148792191
2018-06-29,2732.8492821092264
2018-07-02,2739.173215176433
2018-07-03,2744.8987815332403
2018-07-04,2740.3568118924113
2018-07-05,2751.135694005401
2018-07-06,2755.8357150151905
2018-07-09,2773.499597062599
2018-07-10,2777.140863559064
2018-07-11,2781.937573131538
2018-07-12,2788.232919750535
2018-07-13,2801.608977904157
2018-07-16,2803.578894299342
2018-07-17,2808.626498051957
2018-07-18,2812.293822950544
2018-07-19,2815.289275339012
2018-07-20,2819.9081398160356
2018-07-23,2833.75789383478
2018-07-24,2838.9774847337762
2018-07-25,2843.6875
2018-07-26,2848.875
2018-07-27,2848.727756862721
2018-07-30,2834.0417866066978
2018-07-31,2831.09677081735
2018-08-01,2830.686329293804
2018-08-02,2838.6335631111833
2018-08-03,2844.40933173513
2018-08-06,2857.0
2018-08-07,2862.125216429789
2018-08-08,2859.1359046925836
2018-08-09,2856.5199571849694
2018-08-10,2853.5673387142615
2018-08-13,2857.86810397264
2018-08-14,2850.090848358061
2018-08-15,2851.083289474442
2018-08-16,2858.4223076081703
2018-08-17,2861.1714425084833
2018-08-20,2875.338101736325
2018-08-21,2861.0625
2018-08-22,2876.220417577871
2018-08-23,2866.0625
2018-08-24,2879.743959712928
2018-08-27,2906.0
2018-08-28,2908.0
2018-08-29,2912.2396796520675
2018-08-30,2908.883300218852
2018-08-31,2907.045603043311
2018-09-03,2900.811006579204
2018-09-04,2897.649187207549
2018-09-05,2897.92144097594
2018-09-06,2887.4375
2018-09-07,2884.5
2018-09-10,2900.3574049215663
2018-09-11,2903.6662195483696
2018-09-12,2896.8125
2018-09-13,2914.9375
2018-09-14,2924.9443309409885
2018-09-17,2925.2958768573108
2018-09-18,2921.5833333333335
2018-09-19,2926.0
2018-09-20,2948.5
2018-09-21,2944.8333333333335
2018-09-24,2934.3333333333335
2018-09-25,2925.969062310335
2018-09-26,2916.18034400479
2018-09-27,2917.198066768947
2018-09-28,2915.183383228611
2018-10-01,2909.712781812329
2018-10-02,2908.1022692973957
2018-10-03,2904.6284253374524
2018-10-04,2893.942860327831
2018-10-05,2880.2619503517244
2018-10-08,2842.2845552631406
2018-10-09,2828.0328841599185
2018-10-10,2789.0872129360355
2018-10-11,2764.9375
2018-10-12,2776.0
2018-10-15,2780.673481491971
2018-10-16,2788.266918468565
2018-10-17,2796.3901082371185
2018-10-18,2795.8814077484553
2018-10-19,2782.4375
2018-10-22,2772.4375
2018-10-23,2756.7759240161254
2018-10-24,2724.0413590010244
2018-10-25,2690.75
2018-10-26,2703.786114137968
2018-10-29,2669.0
2018-10-30,2723.319863407309
2018-10-31,2731.9375
2018-11-01,2748.935367021337
2018-11-02,2756.738269205808
2018-11-05,2783.10362467583
2018-11-06,2794.5256509825413
2018-11-07,2818.625
2018-11-08,2800.932393695386
2018-11-09,2791.790831423712
2018-11-12,2766.6203864203626
2018-11-13,2748.5625
2018-11-14,2750.3386800449603
2018-11-15,2747.842561262308
2018-11-16,2746.375
2018-11-19,2694.5238897262257
2018-11-20,2651.9375
2018-11-21,2670.3580571497514
2018-11-22,2665.0481937766094
2018-11-23,2671.800409748026
2018-11-26,2673.0
2018-11-27,2691.0625
2018-11-28,2747.75
2018-11-29,2756.827715077541
2018-11-30,2765.221443547929
2018-12-03,2798.0625
2018-12-04,2734.5
2018-12-05,2724.019638407998
2018-12-06,2693.75
2018-12-07,2661.4375
2018-12-10,2644.875
2018-12-11,2646.25
2018-12-12,2640.199687400383
2018-12-13,2623.6317822766346
2018-12-14,2606.535656780777
2018-12-17,2559.75
2018-12-18,2537.017321556405
2018-12-19,2515.1666666666665
2018-12-20,2487.5833333333335
2018-12-21,2423.75
2018-12-24,2345.25
2018-12-25,2407.4717322726674
2018-12-26,2470.6666666666665
2018-12-27,2490.0625
2018-12-28,2490.75
2018-12-31,2502.087672499794
2019-01-01,2499.0261051984553
2019-01-02,2490.5
2019-01-03,2454.625
2019-01-04,2515.381100282292
2019-01-07,2560.1875
2019-01-08,2576.7413788209587
2019-01-09,2584.4407447188787
2019-01-10,2596.147626621105
2019-01-11,2601.125
2019-01-14,2607.4695809252044
2019-01-15,2618.90992086081
2019-01-16,2623.0625
2019-01-17,2643.0625
2019-01-18,2682.6666666666665
2019-01-21,2661.0114112449887
2019-01-22,2639.4375
2019-01-23,2644.875
2019-01-24,2645.1875
2019-01-25,2673.875
2019-01-28,2642.875
2019-01-29,2666.572813289359
2019-01-30,2695.469348299726
2019-01-31,2714.5625
2019-02-01,2711.375
2019-02-04,2727.6875
2019-02-05,2740.125
2019-02-06,2738.1875
2019-02-07,2719.1450389371457
2019-02-08,2711.125
2019-02-11,2728.4565806427436
2019-02-12,2748.75
2019-02-13,2757.25
2019-02-14,2763.974891330399
2019-02-15,2779.8125
2019-02-18,2786.777735434365
2019-02-19,2786.625
2019-02-20,2792.0511626484117
2019-02-21,2781.4375
2019-02-22,2798.033873853934
2019-02-25,2803.1875
2019-02-26,2799.8125
2019-02-27,2810.999037001193
2019-02-28,2807.5089063845326
2019-03-01,2810.9375
2019-03-04,2796.3125
2019-03-05,2799.193704660219
2019-03-06,2780.5
2019-03-07,2758.5
2019-03-08,2754.0625
2019-03-11,2787.5833333333335
2019-03-12,2800.5
2019-03-13,2825.75
2019-03-14,2818.4166666666665
2019-03-15,2835.0833333333335
2019-03-18,2846.25
2019-03-19,2840.0
2019-03-20,2841.707219967067
2019-03-21,2867.6875
2019-03-22,2827.56309988307
2019-03-25,2810.3125
2019-03-26,2828.6875
2019-03-27,2814.75
2019-03-28,2830.895119273633
2019-03-29,2841.7708629602525
2019-04-01,2873.0625
2019-04-02,2876.823149401079
2019-04-03,2887.125
2019-04-04,2886.75
2019-04-05,2903.8125
2019-04-08,2903.7117667200396
2019-04-09,2894.7193876730757
2019-04-10,2902.5625
2019-04-11,2898.8125
2019-04-12,2921.0625
2019-04-15,2920.5529306006842
2019-04-16,2917.5625
2019-04-17,2910.4375
2019-04-18,2919.75
2019-04-19,2914.2434781877164
2019-04-22,2919.75
2019-04-23,2944.9375
2019-04-24,2941.828991604502
2019-04-25,2938.3196962265993
2019-04-26,2944.4955133785575
2019-04-29,2951.1875
2019-04-30,2957.9375
2019-05-01,2928.3125
2019-05-02,2923.8125
2019-05-03,2954.875
2019-05-06,2927.9375
2019-05-07,2889.875
2019-05-08,2890.6875
2019-05-09,2877.6875
2019-05-10,2880.3125
2019-05-13,2808.8333333333335
2019-05-14,2848.4375
2019-05-15,2856.0
2019-05-16,2886.625
2019-05-17,2867.75
2019-05-20,2853.9375
2019-05-21,2864.108012649424
2019-05-22,2863.0625
2019-05-23,2824.875
2019-05-24,2836.25
2019-05-27,2825.425229058727
2019-05-28,2810.125
2019-05-29,2785.72882457895
2019-05-30,2777.25
2019-05-31,2761.8333333333335
2019-06-03,2752.5625
2019-06-04,2814.0
2019-06-05,2824.75
2019-06-06,2847.75
2019-06-07,2881.4375
2019-06-10,2894.1875
2019-06-11,2890.5625
2019-06-12,2887.1875
2019-06-13,2894.125
2019-06-14,2893.5625
2019-06-17,2899.1666666666665
2019-06-18,2928.6666666666665
2019-06-19,2937.25
2019-06-20,2959.5
2019-06-21,2952.9166666666665
2019-06-24,2954.6666666666665
2019-06-25,2924.661070846627
2019-06-26,2920.5625
2019-06-27,2934.1875
2019-06-28,2948.25
2019-07-01,2974.6666666666665
2019-07-02,2980.535918814791
2019-07-03,2993.1949166523927
2019-07-04,2996.2871094742745
2019-07-05,2994.9950029180495
2019-07-08,2991.0620769235825
2019-07-09,2993.3416021646644
2019-07-10,2999.75
2019-07-11,3003.9015143676797
2019-07-12,3008.593326985039
2019-07-15,3012.685873205017
2019-07-16,3011.6725120859464
2019-07-17,2991.25
2019-07-18,3006.4950581285243
2019-07-19,3000.1855078487906
2019-07-22,3007.3923347652626
2019-07-23,3014.218147731819
2019-07-24,3020.112814615256
2019-07-25,3019.03320245567
2019-07-26,3027.4166666666665
2019-07-29,3027.875
2019-07-30,3015.9430323190345
2019-07-31,2984.3125
2019-08-01,2960.3125
2019-08-02,2933.5625
2019-08-05,2780.625
2019-08-06,2848.84784396032
2019-08-07,2887.8824546351125
2019-08-08,2920.7319332515763
2019-08-09,2920.1073565235515
2019-08-12,2906.0396705448306
2019-08-13,2932.0
2019-08-14,2848.4375
2019-08-15,2859.9179903822333
2019-08-16,2888.25
2019-08-19,2905.638529624281
2019-08-20,2902.1381557559216
2019-08-21,2912.0120280013766
2019-08-22,2903.5288449858185
2019-08-23,2883.625
2019-08-26,2872.1090530139936
2019-08-27,2876.7065768119974
2019-08-28,2884.25
2019-08-29,2911.3333333333335
2019-08-30,2915.8058390323254
2019-09-02,2907.783195583032
2019-09-03,2905.4166666666665
2019-09-04,2936.6875
2019-09-05,2976.6666666666665
2019-09-06,2982.3168364271532
2019-09-09,2983.25
2019-09-10,2986.309757780013
2019-09-11,3014.75
2019-09-12,3010.6495275243265
2019-09-13,3011.375
2019-09-16,3007.4039019607276
2019-09-17,3006.8003554932757
2019-09-18,3009.6995370838763
2019-09-19,3012.0833333333335
2019-09-20,2990.375
2019-09-23,3006.5833333333335
2019-09-24,2982.4375
2019-09-25,2988.493237657937
2019-09-26,2975.9379552495825
2019-09-27,2962.5625
2019-09-30,2983.1666666666665
2019-10-01,2945.875
2019-10-02,2887.6666666666665
2019-10-03,2912.4035893969253
2019-10-04,2950.25
2019-10-07,2940.9375
2019-10-08,2919.7964741588034
2019-10-09,2911.896066917333
2019-10-10,2945.7379495107775
2019-10-11,2970.1666666666665
2019-10-14,2981.21998070352
2019-10-15,2997.25
2019-10-16,2994.6363956689147
2019-10-17,2996.7441252778863
2019-10-18,2994.844125257088
2019-10-21,3006.125
2019-10-22,2998.3125
2019-10-23,3004.120653174006
2019-10-24,3008.3746533448016
2019-10-25,3020.625
2019-10-28,3037.852847242619
2019-10-29,3039.5
2019-10-30,3049.6666666666665
2019-10-31,3048.38156336328
2019-11-01,3061.171983233043
2019-11-04,3076.825124055241
2019-11-05,3074.875
2019-11-06,3072.875
2019-11-07,3088.5
2019-11-08,3089.75
2019-11-11,3086.25
2019-11-12,3088.4375
2019-11-13,3092.1666666666665
2019-11-14,3098.828731590463
2019-11-15,3116.1875
2019-11-18,3119.0450974363507
2019-11-19,3115.3125
2019-11-20,3110.163317467523
2019-11-21,3108.861145429615
2019-11-22,3110.875
2019-11-25,3135.3296046969544
2019-11-26,3145.1875
2019-11-27,3140.582950089876
2019-11-28,3138.750277457956
2019-11-29,3132.358464652804
2019-12-02,3108.4646729835954
2019-12-03,3094.5
2019-12-04,3111.6875
2019-12-05,3119.826917185517
2019-12-06,3131.400054894553
2019-12-09,3137.6838453376627
2019-12-10,3139.4824520426596
2019-12-11,3151.1926966933656
2019-12-12,3180.9375
2019-12-13,3178.7446955563887
2019-12-16,3195.25
2019-12-17,3194.875
2019-12-18,3197.4166666666665
2019-12-19,3211.8333333333335
2019-12-20,3224.4166666666665
2019-12-23,3227.4166666666665
2019-12-24,3228.1792072427684
2019-12-25,3234.526197760591
2019-12-26,3241.4169071361953
2019-12-27,3240.9166666666665
2019-12-30,3223.0833333333335
2019-12-31,3232.75
2020-01-01,3239.1934270069387
2020-01-02,3249.1831702078334
2020-01-03,3232.5
2020-01-06,3232.071456040481
2020-01-07,3212.8125
2020-01-08,3261.4678608947524
2020-01-09,3275.875
2020-01-10,3273.26638343042
2020-01-13,3286.0434864006347
2020-01-14,3286.6583812193367
2020-01-15,3295.0625
2020-01-16,3316.4375
2020-01-17,3320.1776769682087
2020-01-20,3320.9984945375336
2020-01-21,3320.240434749121
2020-01-22,3317.770791333626
2020-01-23,3315.206920456789
2020-01-24,3298.539458267438
2020-01-27,3267.843946141195
2020-01-28,3277.323634301841
2020-01-29,3276.182155248307
2020-01-30,3272.837876913396
2020-01-31,3250.6125857698485
2020-02-03,3249.830309009386
2020-02-04,3294.5842058823655
2020-02-05,3329.7915671134774
2020-02-06,3347.375
2020-02-07,3333.386180957444
2020-02-10,3351.9718626085687
2020-02-11,3360.114685081827
2020-02-12,3370.7272323964808
2020-02-13,3374.2397697170836
2020-02-14,3375.042201876227
2020-02-17,3373.4947587887395
2020-02-18,3370.182708316649
2020-02-19,3372.606923401706
2020-02-20,3356.375
2020-02-21,3338.9166666666665
2020-02-24,3231.5
2020-02-25,3143.5
2020-02-26,3098.9166666666665
2020-02-27,2954.3333333333335
2020-02-28,2884.6666666666665
2020-03-02,3064.5
2020-03-03,2979.75
2020-03-04,3092.625
2020-03-05,3018.76898865488
2020-03-06,2952.0833333333335
2020-03-09,2793.5
2020-03-10,2795.0833333333335
2020-03-11,2722.0
2020-03-12,2440.25
2020-03-13,2577.375
2020-03-16,2431.75
2020-03-17,2403.6666666666665
2020-03-18,2443.25
2020-03-19,2353.0
2020-03-20,2308.75
2020-03-23,2245.1666666666665
2020-03-24,2420.25
2020-03-25,2455.7414101907425
2020-03-26,2558.6616073581113
2020-03-27,2500.223052860747
2020-03-30,2559.9833166004028
2020-03-31,2526.293002077573
2020-04-01,2477.8938091993796
2020-04-02,2488.588300308429
2020-04-03,2478.25
2020-04-06,2646.194987710364
2020-04-07,2674.242384038265
2020-04-08,2739.6025448075934
2020-04-09,2778.125
2020-04-10,2781.3527019236826
2020-04-13,2767.925640295814
2020-04-14,2815.3125
2020-04-15,2767.8205202412937
2020-04-16,2822.8542749039766
2020-04-17,2845.75
2020-04-20,2777.9659669174616
2020-04-21,2724.9375
2020-04-22,2760.62731161961
2020-04-23,2769.493432392604
2020-04-24,2803.5400010534254
2020-04-27,2849.8531955370086
2020-04-28,2865.4166666666665
2020-04-29,2933.1875
2020-04-30,2889.8320610904984
2020-05-01,2867.140018958134
2020-05-04,2867.0638925610424
2020-05-05,2879.693279000107
2020-05-06,2865.536951153457
2020-05-07,2886.273480449665
2020-05-08,2899.799901423426
2020-05-11,2879.6649997270706
2020-05-12,2838.942811524623
2020-05-13,2809.5625
2020-05-14,2830.6875
2020-05-15,2842.0
2020-05-18,2916.545350858473
2020-05-19,2915.5573410737697
2020-05-20,2937.1092096071893
2020-05-21,2930.0817361297354
2020-05-22,2939.5
2020-05-25,2969.8125
2020-05-26,2968.916031723363
2020-05-27,3015.3333333333335
2020-05-28,3026.5833333333335
2020-05-29,3044.645414491097
2020-06-01,3049.6612193386964
2020-06-02,3072.902279705795
2020-06-03,3107.4375
2020-06-04,3109.79917330449
2020-06-05,3161.8391827255005
2020-06-08,3200.8125
2020-06-09,3192.4309036664245
2020-06-10,3156.5
2020-06-11,3012.0
2020-06-12,3023.75810397332
2020-06-15,3078.6128584809685
2020-06-16,3099.720869172481
2020-06-17,3100.6666666666665
2020-06-18,3104.950643742437
2020-06-19,3087.5950874591276
2020-06-22,3110.3381171957967
2020-06-23,3107.0
2020-06-24,3035.375
2020-06-25,3062.0
2020-06-26,3030.2439061044997
2020-06-29,3053.5586654381227
2020-06-30,3067.316777327035
2020-07-01,3086.75
2020-07-02,3110.375
2020-07-03,3119.005022980646
2020-07-06,3146.009474744527
2020-07-07,3140.4502458145516
2020-07-08,3138.9049101540927
2020-07-09,3138.0625
2020-07-10,3155.1954757433164
2020-07-13,3178.910777258707
2020-07-14,3188.5933810812107
2020-07-15,3208.428459235524
2020-07-16,3201.0891635714856
2020-07-17,3207.722027416505
2020-07-20,3228.5
2020-07-21,3236.0865081172824
2020-07-22,3231.6034191956605
2020-07-23,3229.4444788723217
2020-07-24,3212.4310027025854
2020-07-27,3232.8305309579137
2020-07-28,3235.7735237737634
2020-07-29,3248.898756386443
2020-07-30,3260.1075539003787
2020-07-31,3262.5614492051723
2020-08-03,3284.8720577170398
2020-08-04,3283.347997530824
2020-08-05,3301.3125
2020-08-06,3300.786944357227
2020-08-07,3308.8602552231455
2020-08-10,3336.4375
2020-08-11,3317.6875
2020-08-12,3342.9018728024494
2020-08-13,3354.515376999816
2020-08-14,3358.293973398608
2020-08-17,3376.070125624653
2020-08-18,3381.0915256939475
2020-08-19,3376.0381261139914
2020-08-20,3386.1236154229255
2020-08-21,3390.3290282013877
2020-08-24,3418.3125
2020-08-25,3426.6710762058697
2020-08-26,3455.8125
2020-08-27,3458.914624222152
2020-08-28,3472.383394771693
2020-08-31,3495.5866706843813
2020-09-01,3513.4186188787944
2020-09-02,3555.1875
2020-09-03,3423.875
2020-09-04,3417.0
2020-09-07,3400.1347829000492
2020-09-08,3362.892399259243
2020-09-09,3395.8333333333335
2020-09-10,3361.243191367602
2020-09-11,3330.375
2020-09-14,3346.655451082079
2020-09-15,3345.361720731074
2020-09-16,3335.9057278856017
2020-09-17,3314.847312117068
2020-09-18,3301.4166666666665
2020-09-21,3279.0295413707313
2020-09-22,3287.452231607891
2020-09-23,3244.8404324275048
2020-09-24,3256.8799346360233
2020-09-25,3261.449212635147
2020-09-28,3311.7076517330943
2020-09-29,3314.213815115521
2020-09-30,3325.5976087778236
2020-10-01,3342.41397961303
2020-10-02,3347.4520058107146
2020-10-05,3349.3133296827637
2020-10-06,3353.125
2020-10-07,3394.5625
2020-10-08,3411.748928465162
2020-10-09,3429.055426326746
2020-10-12,3467.234647374996
2020-10-13,3479.716047054796
2020-10-14,3457.7669654684105
2020-10-15,3452.7867793648707
2020-10-16,3448.873676820484
2020-10-19,3421.5312680271322
2020-10-20,3420.1868455497506
2020-10-21,3402.9024269707015
2020-10-22,3398.6159192405444
2020-10-23,3400.100862160528
2020-10-26,3335.283981369199
2020-10-27,3312.6223496135854
2020-10-28,3269.3044678579718
2020-10-29,3255.8125
2020-10-30,3268.910961332566
2020-11-02,3329.4681248948805
2020-11-03,3374.64935758008
2020-11-04,3421.9375
2020-11-05,3455.8936787197545
2020-11-06,3471.090925257815
2020-11-09,3513.3107899487113
2020-11-10,3522.5
2020-11-11,3530.7197522284628
2020-11-12,3526.5427995809596
2020-11-13,3546.4123048865167
2020-11-16,3577.480912286632
2020-11-17,3576.3726537976263
2020-11-18,3566.3755064197317
2020-11-19,3567.5728034862823
2020-11-20,3570.158989441721
2020-11-23,3596.4731028635933
2020-11-24,3614.324785372355
2020-11-25,3617.7479995741273
2020-11-26,3618.047821440334
2020-11-27,3626.153198862096
2020-11-30,3637.080442238493
2020-12-01,3648.6024863269217
2020-12-02,3655.346752637573
2020-12-03,3658.7048771194504
2020-12-04,3670.0575074810968
2020-12-07,3672.561236896016
2020-12-08,3687.6711262253216
2020-12-09,3668.3125
2020-12-10,3660.1875
2020-12-11,3641.4375
2020-12-14,3638.0
2020-12-15,3662.386959047616
2020-12-16,3683.6980672177906
2020-12-17,3695.8806216082558
2020-12-18,3705.5833333333335
2020-12-21,3671.1666666666665
2020-12-22,3671.5833333333335
2020-12-23,3680.292584567271
2020-12-24,3687.158385536312
2020-12-25,3697.47991991436
2020-12-28,3709.2936319206406
2020-12-29,3707.1308917187152
2020-12-30,3711.128410918669
2020-12-31,3713.8579577976616
2021-01-01,3721.2188032354106
2021-01-04,3673.625
2021-01-05,3707.3262021375767
2021-01-06,3733.5625
2021-01-07,3757.1136395005897
2021-01-08,3768.513670984835
2021-01-11,3770.3298153096744
2021-01-12,3770.6899349459954
2021-01-13,3774.1987157058084
2021-01-14,3780.25
2021-01-15,3755.9006821518637
2021-01-18,3779.6516324276363
2021-01-19,3793.708988829422
2021-01-20,3809.2789359842
2021-01-21,3807.1335414353753
2021-01-22,3797.621945253305
2021-01-25,3783.1310018877025
2021-01-26,3779.375723857167
2021-01-27,3715.75
2021-01-28,3760.75
2021-01-29,3745.355309428749
2021-02-01,3796.071447763411
2021-02-02,3823.038471678332
2021-02-03,3831.4781680325577
2021-02-04,3847.3389543326857
2021-02-05,3858.5484386985713
2021-02-08,3875.8094772076042
2021-02-09,3890.8125
2021-02-10,3890.5
2021-02-11,3888.1232636155187
2021-02-12,3900.3578621581496
2021-02-15,3901.0816239444625
2021-02-16,3887.2699226042264
2021-02-17,3889.621469264818
2021-02-18,3879.723151055463
2021-02-19,3874.8498328461073
2021-02-22,3845.9298591658862
2021-02-23,3850.671714004443
2021-02-24,3859.7124297062264
2021-02-25,3815.828382441873
2021-02-26,3797.1875
2021-03-01,3826.2967621231933
2021-03-02,3818.4872076837064
2021-03-03,3792.375
2021-03-04,3737.75
2021-03-05,3799.125
2021-03-08,3821.75
2021-03-09,3855.8905081477824
2021-03-10,3884.177750066132
2021-03-11,3923.125
2021-03-12,3921.5
2021-03-15,3934.6666666666665
2021-03-16,3946.5833333333335
2021-03-17,3951.8333333333335
2021-03-18,3921.8333333333335
2021-03-19,3922.65588935878
2021-03-22,3927.8333333333335
2021-03-23,3901.531334164522
2021-03-24,3892.3777740736205
2021-03-25,3908.759397317271
2021-03-26,3932.790228871489
2021-03-29,3959.712285007173
2021-03-30,3965.9693656718873
2021-03-31,3974.542537927781
2021-04-01,3994.4475812811424
2021-04-02,4012.9188451232667
2021-04-05,4053.48168514436
2021-04-06,4059.6769349431133
2021-04-07,4074.204680260594
2021-04-08,4083.3561013273434
2021-04-09,4093.9852802495175
2021-04-12,4117.475056142454
2021-04-13,4125.397652158485
2021-04-14,4132.08718253997
2021-04-15,4141.8530056421605
2021-04-16,4149.9388486745975
2021-04-19,4144.980161777332
2021-04-20,4136.38129546812
2021-04-21,4141.209077333202
2021-04-22,4138.908176862734
2021-04-23,4149.8632773500885
2021-04-26,4171.703422548275
2021-04-27,4176.346388914005
2021-04-28,4177.130487167665
2021-04-29,4180.641600112913
2021-04-30,4170.3799419354555
2021-05-03,4161.403056956196
2021-05-04,4140.6875
2021-05-05,4157.277661931396
2021-05-06,4168.78714137537
2021-05-07,4184.504984542527
2021-05-10,4150.507375488317
2021-05-11,4126.375
2021-05-12,4059.0625
2021-05-13,4097.9266947709175
2021-05-14,4152.3125
2021-05-17,4147.3125
2021-05-18,4141.13087488453
2021-05-19,4142.889147621517
2021-05-20,4166.649557183609
2021-05-21,4167.305424443556
2021-05-24,4186.7846170171615
2021-05-25,4183.265617816834
2021-05-26,4189.332821057754
2021-05-27,4196.933657232599
2021-05-28,4194.828272379378
2021-05-31,4198.2005094516
2021-06-01,4198.694873482474
2021-06-02,4196.276239191306
2021-06-03,4192.28101520203
2021-06-04,4203.136552204753
2021-06-07,4210.0625
2021-06-08,4211.609313185389
2021-06-09,4219.4911358435675
2021-06-10,4218.176735057147
2021-06-11,4227.611572389674
2021-06-14,4214.720297075608
2021-06-15,4207.865843268114
2021-06-16,4195.726390461862
2021-06-17,4191.975125408147
2021-06-18,4169.543402585416
2021-06-21,4199.005351770686
2021-06-22,4181.813138742196
2021-06-23,4198.375926213257
2021-06-24,4210.596814452391
2021-06-25,4212.552607769658
2021-06-28,4244.088313325003
2021-06-29,4251.927579005929
2021-06-30,4265.670595977953
2021-07-01,4271.106087034287
2021-07-02,4274.914121047064
2021-07-05,4301.777053227245
2021-07-06,4298.773734774051
2021-07-07,4304.2956139737535
2021-07-08,4305.711476048431
2021-07-09,4310.114778525457
2021-07-12,4328.384272630527
2021-07-13,4320.532610171443
2021-07-14,4331.558171656044
2021-07-15,4329.168840643069
2021-07-16,4328.848860941384
2021-07-19,4332.728102124843
2021-07-20,4335.593053345312
2021-07-21,4348.271698045925
2021-07-22,4348.4656743761225
2021-07-23,4353.393664923475
2021-07-26,4367.740658175868
2021-07-27,4367.034729579188
2021-07-28,4368.454664132297
2021-07-29,4372.149713944618
2021-07-30,4374.99196964034
2021-08-02,4379.852825468036
2021-08-03,4384.906755421388
2021-08-04,4387.272733949051
2021-08-05,4390.889844304846
2021-08-06,4393.212306119307
2021-08-09,4400.595781141458
2021-08-10,4403.534080273556
2021-08-11,4405.9133852802115
2021-08-12,4407.160738983632
2021-08-13,4410.926154164322
2021-08-16,4411.7612291972455
2021-08-17,4411.2382902930685
2021-08-18,4408.848199003471
2021-08-19,4411.277295119782
2021-08-20,4416.512478931033
2021-08-23,4432.814146204871
2021-08-24,4434.559838042447
2021-08-25,4440.791590335289
2021-08-26,4437.504420988318
2021-08-27,4447.8015750422055
2021-08-30,4441.461794953711
2021-08-31,4461.615224891414
2021-09-01,4461.404014601647
2021-09-02,4461.724704891757
2021-09-03,4459.503091178088
2021-09-06,4460.613261695989
2021-09-07,4446.8540362215745
2021-09-08,4452.738570449706
2021-09-09,4444.888030145299
2021-09-10,4439.035175015313
2021-09-13,4435.981924999326
2021-09-14,4435.409601663383
2021-09-15,4432.8915324436475
2021-09-16,4428.728846941005
2021-09-17,4426.246816698658
2021-09-20,4419.755450300834
2021-09-21,4411.890961175777
2021-09-22,4415.801544294779
2021-09-23,4416.586994673864
2021-09-24,4416.484715213221
2021-09-27,4409.446919891844
2021-09-28,4405.0886057751195
2021-09-29,4399.951325563293
2021-09-30,4403.900565282259
2021-10-01,4399.463505855034
2021-10-04,4410.091228517075
2021-10-05,4389.485019803374
2021-10-06,4422.253836291821
2021-10-07,4428.852381558504
2021-10-08,4414.542877236336
2021-10-11,4428.936217797649
2021-10-12,4413.934922529553
2021-10-13,4433.128022085741
2021-10-14,4433.184146174993
2021-10-15,4442.116155420893
2021-10-18,4461.639303213077
2021-10-19,4468.322164798405
2021-10-20,4477.430535139361
2021-10-21,4482.784546821888
2021-10-22,4487.077747693604
2021-10-25,4503.619512470916
2021-10-26,4506.889676984259
2021-10-27,4507.952294209364
2021-10-28,4508.291756969712
2021-10-29,4525.23883772637
2021-11-01,4538.373273261632
2021-11-02,4532.264859137484
2021-11-03,4547.986867938523
2021-11-04,4555.871542390276
2021-11-05,4548.574748227679
2021-11-08,4567.844107800118
2021-11-09,4549.659789130678
2021-11-10,4553.423235840904
2021-11-11,4567.603105447156
2021-11-12,4554.643572184817
2021-11-15,4596.596896711343
2021-11-16,4579.187106221045
2021-11-17,4579.762693343188
2021-11-18,4582.358550735605
2021-11-19,4556.608360009529
2021-11-22,4554.285476215632
2021-11-23,4578.177007308875
2021-11-24,4575.336587271135
2021-11-25,4570.584005071232
2021-11-26,4551.691460825118
2021-11-29,4550.521351356726
2021-11-30,4537.024406857768
2021-12-01,4539.323835958425
2021-12-02,4539.914727650548
2021-12-03,4544.43328695268
2021-12-06,4560.759078961322
2021-12-07,4566.067114687336
2021-12-08,4586.535600958223
2021-12-09,4583.026160361408
2021-12-10,4595.176427114721
2021-12-13,4581.269260816743
2021-12-14,4593.035499455145
2021-12-15,4586.958666065031
2021-12-16,4579.380833694826
2021-12-17,4563.612714471089
2021-12-20,4574.477829420126
2021-12-21,4585.208574686551
2021-12-22,4595.472911314228
2021-12-23,4584.452076823025
2021-12-24,4687.712004035714
2021-12-27,4576.792861526026
2021-12-28,4621.19025077081
2021-12-29,4595.00396666851
2021-12-30,4656.827561136021
2021-12-31,4655.784234118522
2022-01-03,4583.810233845206
2022-01-04,4613.801119416563
2022-01-05,4613.256907462404
2022-01-06,4597.395493119532
2022-01-07,4564.128377372017
2022-01-10,4572.734809200617
2022-01-11,4584.9739604029
2022-01-12,4568.030686578642
2022-01-13,4539.4797146926785
2022-01-14,4556.352332692897
2022-01-17,4538.670000055349
2022-01-18,4493.895391358725
2022-01-19,4498.673537636253
2022-01-20,4479.851127056615
2022-01-21,4462.576920969946
2022-01-24,4435.971074128745
2022-01-25,4437.395964830938
2022-01-26,4432.804988220721
2022-01-27,4418.135529976826
2022-01-28,4434.116262005007
2022-01-31,4471.608488135505
2022-02-01,4467.409419611635
2022-02-02,4481.910813431532
2022-02-03,4465.77734506743
2022-02-04,4478.847863746803
2022-02-07,4489.046402783312
2022-02-08,4492.979310182549
2022-02-09,4464.442153912926
2022-02-10,4480.661250194245
2022-02-11,4463.985784648892
2022-02-14,4427.4823745867225
2022-02-15,4420.037497469403
2022-02-16,4412.619397822721
2022-02-17,4398.793010564176
2022-02-18,4387.613217398922
2022-02-21,4352.826867140687
2022-02-22,4362.789693473262
2022-02-23,4325.5935418971785
2022-02-24,4354.082950154352
2022-02-25,4380.613270350072
2022-02-28,4372.699308622896
2022-03-01,4367.259300582725
2022-03-02,4362.001817958443
2022-03-03,4358.007801838971
2022-03-04,4349.542631873347
2022-03-07,4331.222715996214
2022-03-08,4331.448695372839
2022-03-09,4361.816081198858
2022-03-10,4347.468618088206
2022-03-11,4331.681288031514
2022-03-14,4343.161587048117
2022-03-15,4351.029480414869
2022-03-16,4365.321339198551
2022-03-17,4376.20533199838
2022-03-18,4386.998795217547
2022-03-21,4394.770815921867
2022-03-22,4405.631545922772
2022-03-23,4425.088756139984
2022-03-24,4431.747632118007
2022-03-25,4430.552098956636
2022-03-28,4434.511269277163
2022-03-29,4442.2875307272225
2022-03-30,4470.195631651114
2022-03-31,4411.66443079861
2022-04-01,4456.832063237661
2022-04-04,4442.1600836868065
2022-04-05,4431.166723230089
2022-04-06,4421.432803217818
2022-04-07,4416.78106133931
2022-04-08,4411.116631291385
2022-04-11,4377.750693663575
2022-04-12,4368.461437181039
2022-04-13,4379.034502200234
2022-04-14,4354.204380124141
2022-04-15,4389.303102538295
2022-04-18,4336.365199791206
2022-04-19,4350.480035351743
2022-04-20,4363.637722813909
2022-04-21,4323.536192981719
2022-04-22,4300.98709969011
2022-04-25,4279.254645925833
2022-04-26,4267.622782086393
2022-04-27,4264.866108219498
2022-04-28,4243.489481822347
2022-04-29,4227.906067514375
2022-05-02,4222.729343621726
2022-05-03,4204.954275512202
2022-05-04,4206.051560887884
2022-05-05,4200.70298924809
2022-05-06,4178.885643609499
2022-05-09,4147.111770567401
2022-05-10,4099.089142978819
2022-05-11,4084.227422112279
2022-05-12,4124.733315905597
2022-05-13,4135.711694602893
2022-05-16,4104.826262254968
2022-05-17,4085.752587503093
2022-05-18,4090.3885105054646
2022-05-19,4087.048009023847
2022-05-20,4083.156227343947
2022-05-23,4090.414480635223
2022-05-24,4069.4914813671335
2022-05-25,4062.1160581225627
2022-05-26,4089.430812996214
2022-05-27,4102.727375650169
2022-05-30,4117.501160492789
2022-05-31,4111.965193020385
2022-06-01,4111.003638360128
2022-06-02,4089.6566192623745
2022-06-03,4107.1620438146
2022-06-06,4091.7507391266286
2022-06-07,4056.676170804159
2022-06-08,4064.461240028629
2022-06-09,4031.6211045287973
2022-06-10,4007.986424768056
2022-06-13,3982.6075511035046
2022-06-14,3972.2664747961912
2022-06-15,3963.7549191532407
2022-06-16,3933.108823968789
2022-06-17,3966.987953362749
2022-06-20,3943.472223568215
2022-06-21,3960.6649695345127
2022-06-22,3954.1336885205087
2022-06-23,3949.8459663174945
2022-06-24,3958.220462696072
2022-06-27,3957.2797570245457
2022-06-28,3955.909440417875
2022-06-29,3945.934587503281
2022-06-30,3962.507046465912
2022-07-01,3955.9562518140515
2022-07-04,3932.046277208203
2022-07-05,3967.927525916531
2022-07-06,3966.8064954555357
2022-07-07,3961.846176650084
2022-07-08,3968.0630772849595
2022-07-11,3963.6651295908937
2022-07-12,3969.3022706549727
2022-07-13,3960.84011565565
2022-07-14,3974.186901215359
2022-07-15,3988.8573971922433
2022-07-18,3994.213057236233
2022-07-19,4009.8488019004512
2022-07-20,4021.857374823641
2022-07-21,4024.2634129354738
2022-07-22,4026.6909459712733
2022-07-25,4035.8228673575964
2022-07-26,4040.632899006576
2022-07-27,4057.227598084279
2022-07-28,4064.634838996843
2022-07-29,4076.9919787787476
2022-08-01,4098.925459099488
2022-08-02,4102.596122124858
2022-08-03,4107.947072870765
2022-08-04,4118.865427299929
2022-08-05,4121.334212669042
2022-08-08,4135.757212473141
2022-08-09,4133.631690415091
2022-08-10,4143.814083214394
2022-08-11,4150.545651720983
2022-08-12,4170.216953145858
2022-08-15,4187.189122936954
2022-08-16,4170.227644714328
2022-08-17,4180.567685174982
2022-08-18,4140.665853771195
2022-08-19,4153.133580522621
2022-08-22,4124.548816756144
2022-08-23,4108.217670265419
2022-08-24,4112.82433710166
2022-08-25,4088.019356399678
2022-08-26,4075.4280879550706
2022-08-29,4041.9348845730224
2022-08-30,4033.336309858009
2022-08-31,4016.9416464138726
2022-09-01,4013.500383951658
2022-09-02,4009.9148345020153
2022-09-05,4006.613004593148
2022-09-06,4005.010883144935
2022-09-07,4013.019974290779
2022-09-08,4012.083830888677
2022-09-09,4015.3516715961678
2022-09-12,4004.264054290192
2022-09-13,3997.4673954559103
2022-09-14,3977.983204483554
2022-09-15,3968.1851089571264
2022-09-16,3964.1952133281884
2022-09-19,3935.847485349702
2022-09-20,3929.575653211665
2022-09-21,3913.1864766203125
2022-09-22,3894.5091860551447
2022-09-23,3892.465139647865
2022-09-26,3873.0710285153364
2022-09-27,3871.3751669364337
2022-09-28,3883.5504330133062
2022-09-29,3864.749629851924
2022-09-30,3843.5494436983345
2022-10-03,3838.4539247276502
2022-10-04,3843.6837767150378
2022-10-05,3846.9719549190672
2022-10-06,3833.0007877630997
2022-10-07,3822.9300594733263
2022-10-10,3827.668540543345
2022-10-11,3872.3376250635138
2022-10-12,3812.62283198055
2022-10-13,3854.7678420832704
2022-10-14,3825.220430243171
2022-10-17,3844.831722485234
2022-10-18,3848.6137806500383
2022-10-19,3844.91103877452
2022-10-20,3851.3771169816387
2022-10-21,3858.5839514408267
2022-10-24,3880.024705371247
2022-10-25,3880.8155628502036
2022-10-26,3887.655477117819
2022-10-27,3891.396070021721
2022-10-28,3903.5425089358014
2022-10-31,3917.047067329297
2022-11-01,3918.0458889404244
2022-11-02,3918.218118568475
2022-11-03,3910.0155077176223
2022-11-04,3896.530090056973
2022-11-07,3909.1090055912314
2022-11-08,3932.2228860593923
2022-11-09,3937.73273594956
2022-11-10,3944.3511975647934
2022-11-11,3958.1833655317196
2022-11-14,3994.7321093167275
2022-11-15,3973.513845663305
2022-11-16,3987.3184980707188
2022-11-17,3983.170068167951
2022-11-18,3988.4833088738815
2022-11-21,3997.980116270953
2022-11-22,4003.595849330371
2022-11-23,3990.7002141320954
2022-11-24,4024.368993272585
2022-11-25,4023.3818833725286
2022-11-28,4023.402904647091
2022-11-29,4033.8597111802032
2022-11-30,4040.42022031071
2022-12-01,4013.9332303035994
2022-12-02,4046.243135053016
2022-12-05,4024.554592317356
2022-12-06,4016.8138003524487
2022-12-07,4005.760428200181
2022-12-08,4006.521021042837
2022-12-09,4008.309549808734
2022-12-12,4029.4246273695553
2022-12-13,4001.795128852714
2022-12-14,3999.5110526835538
2022-12-15,3985.256895327049
2022-12-16,3974.341499005799
2022-12-19,3962.1644995069064
2022-12-20,3965.262216618338
2022-12-21,3963.480264696683
2022-12-22,3971.4505270860964
2022-12-23,3965.8121372543624
2022-12-26,3956.122727257754
2022-12-27,3996.031015890027
2022-12-28,3974.651561357526
2022-12-29,3986.8886284784307
2022-12-30,3980.3339860118062
2023-01-02,3963.614344201383
2023-01-03,3978.891215827754
2023-01-04,3980.3578617713642
2023-01-05,3982.4334277474154
2023-01-06,3993.3700372990384
2023-01-09,4013.868404722675
2023-01-10,4018.05509466603
2023-01-11,4024.8485670303644
2023-01-12,4034.6304919540266
2023-01-13,4035.5190381967664
2023-01-16,4044.8522902169807
2023-01-17,4046.5707555058943
2023-01-18,4052.8257195566725
2023-01-19,4048.6199867152686
2023-01-20,4046.8741911696757
2023-01-23,4066.4288421157694
2023-01-24,4070.7768325269167
2023-01-25,4074.814994330439
2023-01-26,4082.2112071367774
2023-01-27,4086.7020370967102
2023-01-30,4091.9387841446714
2023-01-31,4100.267929494575
2023-02-01,4112.834620235973
2023-02-02,4116.153999588512
2023-02-03,4121.420662390029
2023-02-06,4118.980761074484
2023-02-07,4126.575286154617
2023-02-08,4124.318401250212
2023-02-09,4124.59313174703
2023-02-10,4136.6561411477005
2023-02-13,4139.974728998421
2023-02-14,4144.3764436079955
2023-02-15,4128.090498118068
2023-02-16,4133.636105750367
2023-02-17,4130.072308889359
2023-02-20,4117.247810875137
2023-02-21,4100.037165830108
2023-02-22,4106.066753885311
2023-02-23,4102.446955491561
2023-02-24,4095.1780374280324
2023-02-27,4091.408285983806
2023-02-28,4097.903935147232
2023-03-01,4086.701353198567
2023-03-02,4098.390893747504
2023-03-03,4097.401486636082
2023-03-06,4106.179797727645
2023-03-07,4096.425301328241
2023-03-08,4099.721311419565
2023-03-09,4090.2479356455538
2023-03-10,4096.710547130294
2023-03-13,4082.77174414786
2023-03-14,4091.8172268332823
2023-03-15,4084.2108134770715
2023-03-16,4080.6998289885264
2023-03-17,4112.438321153503
2023-03-20,4138.727844878326
2023-03-21,4138.7661944637475
2023-03-22,4157.748010605457
2023-03-23,4149.470500621548
2023-03-24,4146.698772563269
2023-03-27,4142.329107387397
2023-03-28,4153.937409546321
2023-03-29,4164.033441546025
2023-03-30,4158.88450062734
2023-03-31,4177.048709522939
2023-04-03,4191.605791304318
2023-04-04,4201.006171039756
2023-04-05,4201.06612184703
2023-04-06,4191.054397297078
2023-04-07,4195.611496546972
2023-04-10,4212.011611459005
2023-04-11,4206.209893546547
2023-04-12,4209.930454014573
2023-04-13,4219.7813907946365
2023-04-14,4224.159249629547
2023-04-17,4235.544901214078
2023-04-18,4232.644070916475
2023-04-19,4232.026868625009
2023-04-20,4236.99541774191
2023-04-21,4241.054445467678
2023-04-24,4244.133871662065
2023-04-25,4235.933413628122
2023-04-26,4255.652684926853
2023-04-27,4245.130118484949
2023-04-28,4248.207184280396
2023-05-01,4255.587931596691
2023-05-02,4262.142229580239
2023-05-03,4262.749954832352
2023-05-04,4236.407436751808
2023-05-05,4260.711984367667
2023-05-08,4243.684808785763
2023-05-09,4255.075282319367
2023-05-10,4249.85921607168
2023-05-11,4248.921469254885
2023-05-12,4245.146782753032
2023-05-15,4257.787680926632
2023-05-16,4275.367694364814
2023-05-17,4275.439624829333
2023-05-18,4286.936207266962
2023-05-19,4290.858452282996
2023-05-22,4287.734965537811
2023-05-23,4297.103410117885
2023-05-24,4311.537470380393
2023-05-25,4332.797570362314
2023-05-26,4327.107974958832
2023-05-29,4348.2879807196
2023-05-30,4361.601194146287
2023-05-31,4358.33734515986
2023-06-01,4363.679128308714
2023-06-02,4397.235227602367
2023-06-05,4395.589483211705
2023-06-06,4408.659497489085
2023-06-07,4406.566801881256
2023-06-08,4410.24288538429
2023-06-09,4433.853972442855
2023-06-12,4448.880212608244
2023-06-13,4462.928865684278
2023-06-14,4459.233476993242
2023-06-15,4473.822521855497
2023-06-16,4507.998693953886
2023-06-19,4508.822464409562
2023-06-20,4450.690212204409
2023-06-21,4495.597556921478
2023-06-22,4490.249479165525
2023-06-23,4486.315128809008
2023-06-26,4497.154724951753
2023-06-27,4486.926941117861
2023-06-28,4487.761519851325
2023-06-29,4495.2881734144985
2023-06-30,4521.327557732602
2023-07-03,4517.801398797629
2023-07-04,4530.494907364093
2023-07-05,4514.232190090697
2023-07-06,4512.458255773235
2023-07-07,4516.228948079088
2023-07-10,4529.738806700131
2023-07-11,4534.9472429507005
2023-07-12,4548.619347444899
2023-07-13,4564.517842729878
2023-07-14,4539.775500420097
2023-07-17,4592.730842615511
2023-07-18,4602.744430293863
2023-07-19,4558.015163044449
2023-07-20,4604.850473971529
2023-07-21,4600.577219265965
2023-07-24,4599.834061388715
2023-07-25,4601.934068299104
2023-07-26,4600.6157083017515
2023-07-27,4597.090382578776
2023-07-28,4599.770420972508
2023-07-31,4599.317657738196
2023-08-01,4596.087768755475
2023-08-02,4590.735259316438
2023-08-03,4596.399365148952
2023-08-04,4591.305086550055
2023-08-07,4584.230829412634
2023-08-08,4586.400531643797
2023-08-09,4583.797004764168
2023-08-10,4589.441895623781
2023-08-11,4586.844921586155
2023-08-14,4565.4494805222885
2023-08-15,4585.365852630196
2023-08-16,4548.154670543388
2023-08-17,4532.643703225708
2023-08-18,4521.223372534567
2023-08-21,4528.1627521249275
2023-08-22,4505.308872407093
2023-08-23,4531.680397370684
2023-08-24,4535.010648127938
2023-08-25,4504.3927245997165
2023-08-28,4582.753339604077
2023-08-29,4536.247586183492
2023-08-30,4545.343146992617
2023-08-31,4544.766560914244
2023-09-01,4549.817435118217
2023-09-04,4615.074405550769
2023-09-05,4581.9124324078475
2023-09-06,4602.654516114283
2023-09-07,4585.517838509264
2023-09-08,4582.307066372606
2023-09-11,4573.121729652723
2023-09-12,4539.800847181072
2023-09-13,4573.040235473542
2023-09-14,4547.779511922267
2023-09-15,4570.203948792075
2023-09-18,4533.341569428046
2023-09-19,4532.639979673417
2023-09-20,4520.248913028742
2023-09-21,4519.798011744663
2023-09-22,4484.571853258703
2023-09-25,4489.011241278883
2023-09-26,4489.135633600148
2023-09-27,4456.522238929441
2023-09-28,4479.44130862859
2023-09-29,4442.723980382538
2023-10-02,4404.951865951214
2023-10-03,4452.294156376399
2023-10-04,4412.145658503916
2023-10-05,4405.094143895294
2023-10-06,4430.782576420767
2023-10-09,4424.143339926586
2023-10-10,4432.191502678091
2023-10-11,4439.596681449904
2023-10-12,4456.50603068103
2023-10-13,4452.232454715324
2023-10-16,4449.820620170136
2023-10-17,4431.024829741429
2023-10-18,4427.328305269216
2023-10-19,4402.350892517241
2023-10-20,4398.309640677617
2023-10-23,4401.932753018451
2023-10-24,4401.524607991701
2023-10-25,4397.796901067844
2023-10-26,4389.431507856784
2023-10-27,4365.835614659555
2023-10-30,4394.518244486674
2023-10-31,4388.517159235332
2023-11-01,4446.462308078762
2023-11-02,4460.581483341218
2023-11-03,4482.12921005964
2023-11-06,4499.708575176145
2023-11-07,4497.421937276605
2023-11-08,4498.447188894237
2023-11-09,4504.652065944463
2023-11-10,4515.131087929411
2023-11-13,4571.435000881117
2023-11-14,4565.806707140115
2023-11-15,4593.400477699334
2023-11-16,4613.606034507367
2023-11-17,4613.560198300372
2023-11-20,4610.773036453106
2023-11-21,4657.864857041482
2023-11-22,4640.028632452829
2023-11-23,4652.570851777314
2023-11-24,4649.433876731565
2023-11-27,4676.303253663077
2023-11-28,4665.920049225836
2023-11-29,4649.031526409372
2023-11-30,4684.617698980935
2023-12-01,4668.867848506403
2023-12-04,4676.622331651949
2023-12-05,4701.595719366277
2023-12-06,4688.66049345652
2023-12-07,4720.825325795062
2023-12-08,4717.264604800075
2023-12-11,4747.244461069615
2023-12-12,4761.433783122322
2023-12-13,4760.821250353062
2023-12-14,4783.670359518852
2023-12-15,4815.067400206616
2023-12-18,4788.98978915285
2023-12-19,4798.903677923554
2023-12-20,4813.693020136003
2023-12-21,4796.790278994374
2023-12-22,4827.40871663064
2023-12-25,4864.226570340625
2023-12-26,4845.134881509909
2023-12-27,4861.989869279538
2023-12-28,4852.399371767573
2023-12-29,4869.438660062624
2024-01-01,4866.20632688024
2024-01-02,4851.648870945148
2024-01-03,4847.63784552115
2024-01-04,4865.199380102496
2024-01-05,4850.8559654830115
2024-01-08,4860.9857130388
2024-01-09,4890.737637319755
2024-01-10,4891.715641132376
2024-01-11,4892.845527421815
2024-01-12,4895.937951598783
2024-01-15,4904.130686750353
2024-01-16,4903.495741340419
2024-01-17,4907.050527097436
2024-01-18,4921.415059441224
2024-01-19,4939.066576196084
2024-01-22,4965.027553897251
2024-01-23,4980.2397335877
2024-01-24,4990.948821237963
2024-01-25,4997.2691271779795
2024-01-26,5011.086550256032
2024-01-29,5029.204992808624
2024-01-30,5025.222958796781
2024-01-31,5054.8716621368585
2024-02-01,5073.414806588172
2024-02-02,5037.932732788007
2024-02-05,5098.821637963708
2024-02-06,5102.335616577729
2024-02-07,5117.162250841844
2024-02-08,5128.387375280797
2024-02-09,5130.51992763838
2024-02-12,5112.260841521584
2024-02-13,5130.164643372088
2024-02-14,5132.442266957093
2024-02-15,5148.914282998588
2024-02-16,5146.84719953425
2024-02-19,5153.527951658239
2024-02-20,5149.723183508038
2024-02-21,5169.021136239083
2024-02-22,5171.8941300403885
2024-02-23,5175.133012397472
2024-02-26,5196.572879723956
2024-02-27,5198.465013626951
2024-02-28,5181.69426966869
2024-02-29,5184.758546035747
2024-03-01,5172.466441570208
2024-03-04,5202.371083755509
2024-03-05,5197.670638981596
2024-03-06,5203.633237685947
2024-03-07,5218.657141168081
2024-03-08,5185.68315266846
2024-03-11,5186.792853331464
2024-03-12,5211.465019950846
2024-03-13,5210.412200623887
2024-03-14,5205.376357794989
2024-03-15,5202.984121848131
2024-03-18,5207.06901533947
2024-03-19,5206.603249555694
2024-03-20,5225.5566155578335
2024-03-21,5229.195047655337
2024-03-22,5254.137229443533
2024-03-25,5258.115662778251
2024-03-26,5258.714761072351
2024-03-27,5264.259865709944
2024-03-28,5273.543893362655
2024-03-29,5312.740646646392
2024-04-01,5246.569625608364
2024-04-02,5241.01803159123
2024-04-03,5245.4990462697515
2024-04-04,5267.201783402778
2024-04-05,5271.544003961943
2024-04-08,5275.374629320115
2024-04-09,5277.165416856038
2024-04-10,5273.027346969548
2024-04-11,5245.330557279627
2024-04-12,5235.944853994798
2024-04-15,5232.984292516985
2024-04-16,5235.7376560390285
2024-04-17,5213.658233610529
2024-04-18,5201.613042340799
2024-04-19,5188.032133906357
2024-04-22,5210.625411414399
2024-04-23,5214.799777602016
2024-04-24,5225.614630448178
2024-04-25,5226.87954726302
2024-04-26,5234.121942955355
2024-04-29,5238.581101539638
2024-04-30,5230.421897426518
2024-05-01,5234.959703373779
2024-05-02,5243.73327393587
2024-05-03,5278.613739926975
2024-05-06,5292.308543904572
2024-05-07,5296.887074647511
2024-05-08,5302.583355713906
2024-05-09,5312.910302907885
2024-05-10,5317.136452091227
2024-05-13,5345.128331126638
2024-05-14,5357.570015780457
2024-05-15,5366.856962331383
2024-05-16,5371.44964075158
2024-05-17,5377.718678636686
2024-05-20,5419.203520679273
2024-05-21,5374.383003788829
2024-05-22,5376.522319589282
2024-05-23,5375.444244085388
2024-05-24,5372.381415420043
2024-05-27,5384.749700072025
2024-05-28,5428.783910717591
2024-05-29,5412.332522107233
2024-05-30,5410.272049357695
2024-05-31,5406.201969574742
2024-06-03,5416.064835371797
2024-06-04,5420.05132466371
2024-06-05,5413.838129846016
2024-06-06,5431.526628906954
2024-06-07,5422.318426751216
2024-06-10,5444.559527441667
2024-06-11,5467.165162226837
2024-06-12,5460.2507868170605
2024-06-13,5470.467787697826
2024-06-14,5476.4942231384575
2024-06-17,5528.544837568819
2024-06-18,5466.060272219176
2024-06-19,5548.127898528468
2024-06-20,5528.32178897004
2024-06-21,5528.732739181377
2024-06-24,5485.61735654465
2024-06-25,5542.079516928186
2024-06-26,5545.133025192772
2024-06-27,5562.330635403801
2024-06-28,5552.4954409103675
2024-07-01,5581.666972035383
2024-07-02,5569.724319222222
2024-07-03,5594.762305652177
2024-07-04,5581.802151663811
2024-07-05,5587.425725947942
2024-07-08,5606.28593789475
2024-07-09,5611.529291439506
2024-07-10,5618.878687539555
2024-07-11,5620.769581937806
2024-07-12,5630.0327793961005
2024-07-15,5578.4524663590855
2024-07-16,5641.783379611153
2024-07-17,5636.363271759668
2024-07-18,5629.645307539393
2024-07-19,5626.7997579047005
2024-07-22,5620.29868918963
2024-07-23,5584.789248987538
2024-07-24,5619.269257687815
2024-07-25,5608.192684873038
2024-07-26,5599.178252264204
2024-07-29,5576.799896015257
2024-07-30,5551.410921843806
2024-07-31,5553.132488354975
2024-08-01,5537.4112104307615
2024-08-02,5524.543587864391
2024-08-05,5489.762386737535
2024-08-06,5494.955415421577
2024-08-07,5485.207226372616
2024-08-08,5477.1413813711215
2024-08-09,5480.8206257145175
2024-08-12,5565.179291526612
2024-08-13,5554.605104882434
2024-08-14,5586.881515749211
2024-08-15,5588.833762139581
2024-08-16,5617.548327064742
2024-08-19,5641.878935146778
2024-08-20,5645.862795330566
2024-08-21,5649.740351807312
2024-08-22,5631.674075747413
2024-08-23,5660.157631975178
2024-08-26,5656.800770474656
2024-08-27,5654.95997037743
2024-08-28,5653.415343705658
2024-08-29,5657.715584408903
2024-08-30,5655.349361512673
2024-09-02,5651.825962223909
2024-09-03,5648.513536171131
2024-09-04,5651.644626963426
2024-09-05,5650.055643965902
2024-09-06,5682.849402420802
2024-09-09,5676.651033867908
2024-09-10,5685.4823556980555
2024-09-11,5688.750211060516
2024-09-12,5704.426001873445
2024-09-13,5719.912861875148
2024-09-16,5739.933377451308
2024-09-17,5757.127122640308
2024-09-18,5763.096919413323
2024-09-19,5775.424682170738
2024-09-20,5784.036263934439
2024-09-23,5812.842187519065
2024-09-24,5822.681955734479
2024-09-25,5810.994960921527
2024-09-26,5841.1460561925705
2024-09-27,5845.331339396448
2024-09-30,5846.975906108683
2024-10-01,5788.608197227767
2024-10-02,5854.735614992055
2024-10-03,5845.6079333107455
2024-10-04,5804.249041206971
2024-10-07,5867.833568461475
2024-10-08,5864.244925387204
2024-10-09,5882.824969167079
2024-10-10,5893.260403641218
2024-10-11,5906.49164375372
2024-10-14,5900.258442704649
2024-10-15,5945.955302120653
2024-10-16,5952.614986914672
2024-10-17,5911.069955062206
2024-10-18,5953.874876954008
2024-10-21,5945.930440930647
2024-10-22,5943.543198556164
2024-10-23,5927.1560654557
2024-10-24,5910.916618105805
2024-10-25,5945.734002076485
2024-10-28,5961.258041251644
2024-10-29,5972.87360593979
2024-10-30,5954.302711691251
2024-10-31,5947.92085416984
2024-11-01,5935.400821348165
2024-11-04,5969.875799700087
2024-11-05,5987.295964411805
2024-11-06,6002.371573599661
2024-11-07,6001.483564119645
2024-11-08,6047.8921362834835
2024-11-11,6051.092741073691
2024-11-12,6051.960620911736
2024-11-13,6014.238366908344
2024-11-14,6054.744981460239
2024-11-15,5942.189050120528
2024-11-18,6045.243772776447
2024-11-19,6020.294446448604
2024-11-20,6050.7988862547045
2024-11-21,6025.786847174104
2024-11-22,6030.641599906862
2024-11-25,6042.556479803648
2024-11-26,6094.110938704543
2024-11-27,6092.655570573791
2024-11-28,6093.573688494681
2024-11-29,6095.046233922394
2024-12-02,6097.593756497797
2024-12-03,6100.564864802913
2024-12-04,6102.494200983726
2024-12-05,6104.388828596542
2024-12-06,6107.1068864958415
2024-12-09,6112.1847263427035
2024-12-10,6112.782962993418
2024-12-11,6119.166283892987
2024-12-12,6121.454139180387
2024-12-13,6126.05056209752
2024-12-16,6105.937836037909
2024-12-17,6123.9365000425205
2024-12-18,6053.8107218743335
2024-12-19,6073.401147336084
2024-12-20,6066.0272933418555
2024-12-23,6087.287620295709
2024-12-24,6063.37561235025
2024-12-25,6092.170686970061
2024-12-26,6084.09404208201
2024-12-27,6057.754420229839
2024-12-30,6053.787296571111
2024-12-31,6053.298541925712
2025-01-01,6043.956980694203
2025-01-02,6048.857191956935
2025-01-03,6046.706948670767
2025-01-06,6056.265482873757
2025-01-07,6027.016788835172
2025-01-08,6052.071595844625
2025-01-09,6042.075433436697
2025-01-10,6053.1133947049
2025-01-13,6048.239097860695
2025-01-14,6083.7874550170745
2025-01-15,6048.837907668168
2025-01-16,6080.804732964501
2025-01-17,6093.214460322821
2025-01-20,6096.657283026727
2025-01-21,6111.078729809671
2025-01-22,6121.562162069936
2025-01-23,6170.9004677892335
2025-01-24,6171.33460034122
2025-01-27,6171.790877859781
2025-01-28,6180.949221095761
2025-01-29,6163.543331802027
2025-01-30,6183.749718553502
2025-01-31,6051.00856576826
2025-02-03,6208.7367456614575
2025-02-04,6199.299202388314
2025-02-05,6199.019190095166
2025-02-06,6187.630990991808
2025-02-07,6185.464775650353
2025-02-10,6192.009879625988
2025-02-11,6194.581164284533
2025-02-12,6218.7711096414705
2025-02-13,6212.95272146611
2025-02-14,6211.300548121268
2025-02-17,6200.86548459938
2025-02-18,6147.015304512394
2025-02-19,6205.609242964016
2025-02-20,6188.43136324517
2025-02-21,6095.145258323843
2025-02-24,6088.1244800215145
2025-02-25,6029.816198869812
2025-02-26,6027.761951332886
2025-02-27,5977.300465480453
2025-02-28,5949.730014749419
2025-03-03,5882.172056474254
2025-03-04,5859.6391948171095
2025-03-05,5850.4838816229885
2025-03-06,5838.523068321626
2025-03-07,5806.40918387179
2025-03-10,5745.408076526134
2025-03-11,5700.845473641457
2025-03-12,5671.5296106181195
2025-03-13,5687.537866275612
2025-03-14,5674.047824681358
2025-03-17,5692.429796473726
2025-03-18,5712.3328592664875
2025-03-19,5717.11391753377
2025-03-20,5702.591989570703
2025-03-21,5728.579663407553
2025-03-24,5708.010385268734
2025-03-25,5717.904169647954
2025-03-26,5708.935269022905
2025-03-27,5696.770131089289
2025-03-28,5634.069857953212
2025-03-31,5558.4001465076535
2025-04-01,5521.346660558227
2025-04-02,5455.104421567855
2025-04-03,5393.33757252434
2025-04-04,5372.744611154349
2025-04-07,5355.241481369812
2025-04-08,5262.715946024706
2025-04-09,5305.500417948188
2025-04-10,5369.616650892361
2025-04-11,5373.017716685379
2025-04-14,5432.2943547722925
2025-04-15,5437.023772743847
2025-04-16,5412.475112066886
2025-04-17,5407.257041034444
2025-04-18,5334.096549072353
2025-04-21,5430.755134753359
2025-04-22,5435.959569532097
2025-04-23,5459.420063744907
2025-04-24,5515.08993010267
2025-04-25,5545.5056831064985
2025-04-28,5615.965751560017
2025-04-29,5633.175578800042
2025-04-30,5671.291977996959
2025-05-01,5707.14335563523
2025-05-02,5702.190821524588
2025-05-05,5732.044623255678
2025-05-06,5729.309071763323
2025-05-07,5723.246092554072
2025-05-08,5752.644835476213
2025-05-09,5757.681405041338
2025-05-12,5844.470103092957
2025-05-13,5870.2363791600055
2025-05-14,5894.239960168639
2025-05-15,5910.9153944358595
2025-05-16,5935.199410765229
2025-05-19,5935.975719586772
2025-05-20,5965.248019810705
2025-05-21,5958.952928090694
2025-05-22,5898.581370298898
2025-05-23,5941.785112019088
2025-05-26,5935.6546736504115
2025-05-27,5944.725870059389
2025-05-28,5946.685910854791
2025-05-29,5945.537683688723
2025-05-30,5954.296388020517
2025-06-02,5974.319708196487
2025-06-03,5987.471582917556
2025-06-04,5996.343250108162
2025-06-05,6006.913541429425
2025-06-06,6027.606841448007
2025-06-09,6057.593831825918
2025-06-10,6066.442094323484
2025-06-11,6044.001107805196
2025-06-12,6079.349653409855
2025-06-13,6070.7061904844695
2025-06-16,6063.058484345467
2025-06-17,6114.7003741744575
2025-06-18,6109.485562089147
2025-06-19,6116.630337395459
2025-06-20,6121.146500269202
2025-06-23,6129.0196426906605
2025-06-24,6161.519688065158
2025-06-25,6194.833333333333
2025-06-26,6196.5
