ts_event,main_option_value,main_option_greeks,other_options_total_value,other_options_total_greeks,all_options_total_greeks,remaining_delta,future_value,futures_position,total_portfolio_value
2023-05-29,[11.79710415],"[[4.55153634e-01]
 [1.07709112e-04]
 [1.54747179e+03]]",-37.82432894163238,[-4.68922825e-01 -1.07709112e-04 -1.54747179e+03],[-1.37691914e-02  6.22281903e-14 -4.54747351e-13],[-0.01376919],[4383.75],[60.36069284],[34.33346804]
2023-05-30,[10.45497385],"[[4.30668395e-01]
 [1.23117510e-04]
 [1.56025633e+03]]",-41.19362553531353,[-4.45500161e-01 -1.23117510e-04 -1.56025633e+03],[-1.48317654e-02 -3.30058301e-13 -4.54747351e-13],[-0.01483177],[4382.],[64.99279614],[34.25414445]
2023-05-31,[11.83522276],"[[4.23770069e-01]
 [1.23729461e-04]
 [1.54048587e+03]]",-41.608860478536776,[-4.36367763e-01 -1.23729461e-04 -1.54048587e+03],[-1.25976938e-02  7.43581358e-14  0.00000000e+00],[-0.01259769],[4361.],[54.93854277],[25.16490504]
2023-06-01,[7.92799846],"[[4.21546236e-01]
 [1.25644249e-04]
 [1.53247009e+03]]",-37.43984764618497,[-4.37894163e-01 -1.25644249e-04 -1.53247009e+03],[-1.63479272e-02 -2.43548156e-13  0.00000000e+00],[-0.01634793],[4314.],[70.52495773],[41.01310854]
2023-06-02,[18.03451068],"[[4.27956615e-01]
 [1.21392531e-04]
 [1.54803475e+03]]",-53.935422063296926,[-4.43366448e-01 -1.21392531e-04 -1.54803475e+03],[-1.54098330e-02  1.10138163e-13  1.13686838e-12],[-0.01540983],[4425.],[68.18851092],[32.28759954]
2023-06-05,[22.59996597],"[[4.30953198e-01]
 [1.20928680e-04]
 [1.55551388e+03]]",-50.10561323261877,[-4.44624004e-01 -1.20928680e-04 -1.55551388e+03],[-1.36708065e-02 -1.66656429e-13 -9.09494702e-13],[-0.01367081],[4474.],[61.16318815],[33.65754089]
2023-06-06,[18.95829799],"[[4.13306688e-01]
 [1.25430031e-04]
 [1.51380397e+03]]",-56.796057444955565,[-4.30296558e-01 -1.25430031e-04 -1.51380397e+03],[-1.69898696e-02 -1.67021833e-13  1.13686838e-12],[-0.01698987],[4380.25],[74.41987637],[36.58211692]
2023-06-07,[15.26273129],"[[4.10733543e-01]
 [1.28865816e-04]
 [1.51671169e+03]]",-52.97915818888238,[-4.27809922e-01 -1.28865816e-04 -1.51671169e+03],[-1.70763797e-02  1.44725703e-13  2.27373675e-13],[-0.01707638],[4364.5],[74.52985932],[36.81343242]
2023-06-08,[31.86436068],"[[4.20922431e-01]
 [1.19510567e-04]
 [1.51736908e+03]]",-51.57904734400316,[-4.35381246e-01 -1.19510567e-04 -1.51736908e+03],[-1.44588155e-02 -1.25511567e-13 -2.27373675e-13],[-0.01445882],[4462.5],[64.52246432],[44.80777765]
2023-06-09,[17.19343688],"[[4.29220831e-01]
 [1.23522176e-04]
 [1.54843126e+03]]",-57.317311316513766,[-4.45412618e-01 -1.23522176e-04 -1.54843126e+03],[-1.61917878e-02  1.48576355e-15 -2.27373675e-13],[-0.01619179],[4440.],[71.8915379],[31.76766346]
2023-06-12,[16.10336612],"[[4.30878450e-01]
 [1.24576776e-04]
 [1.55195798e+03]]",-48.38429550778594,[-4.49453630e-01 -1.24576776e-04 -1.55195798e+03],[-1.85751801e-02 -1.48458096e-13 -4.54747351e-13],[-0.01857518],[4448.],[82.62240126],[50.34147186]
2023-06-13,[21.49718403],"[[4.35999030e-01]
 [1.23757321e-04]
 [1.56956822e+03]]",-55.21282317468476,[-4.52862785e-01 -1.23757321e-04 -1.56956822e+03],[-1.68637545e-02  2.14915840e-13 -2.27373675e-13],[-0.01686375],[4515.],[76.13985151],[42.42421236]
2023-06-14,[23.39278164],"[[4.42528632e-01]
 [1.23220091e-04]
 [1.58820414e+03]]",-66.32425402753213,[-4.55397250e-01 -1.23220091e-04 -1.58820414e+03],[-1.28686179e-02 -2.18644005e-14  2.27373675e-13],[-0.01286862],[4562.],[58.70663483],[15.77516245]
2023-06-15,[27.59804825],"[[4.49333932e-01]
 [1.21881967e-04]
 [1.60509820e+03]]",-73.10343969354349,[-4.63502536e-01 -1.21881967e-04 -1.60509820e+03],[-1.41686031e-02 -7.79927880e-14  4.54747351e-13],[-0.0141686],[4617.5],[65.42352494],[19.9181335]
2023-06-16,[23.75],"[[4.39810881e-01]
 [1.23671169e-04]
 [1.57748783e+03]]",-62.50503591492853,[-4.58248350e-01 -1.23671169e-04 -1.57748783e+03],[-1.84374685e-02  1.54180325e-14 -2.27373675e-13],[-0.01843747],[4550.5],[83.89970057],[45.14466465]
2023-06-19,[10.81963089],"[[4.47896403e-01]
 [1.28084803e-04]
 [1.60547450e+03]]",-47.45449049798273,[-4.66824963e-01 -1.28084802e-04 -1.60547450e+03],[-1.89285600e-02  3.45028639e-14 -4.54747351e-13],[-0.01892856],[4529.25],[85.73218036],[49.09732075]
2023-06-20,[42.41734549],"[[4.29295255e-01]
 [1.20800406e-04]
 [1.53455346e+03]]",-67.9532535141314,[-4.47293639e-01 -1.20800406e-04 -1.53455346e+03],[-1.79983849e-02 -3.26264921e-13 -9.09494702e-13],[-0.01799838],[4570.14814815],[82.25528526],[56.71937724]
2023-06-21,[21.63684652],"[[4.31976459e-01]
 [1.26174705e-04]
 [1.55148402e+03]]",-59.934958488894,[-4.48494530e-01 -1.26174705e-04 -1.55148402e+03],[-1.65180718e-02  2.23692592e-15  4.54747351e-13],[-0.01651807],[4506.75],[74.44282021],[36.14470824]
2023-06-22,[31.38971346],"[[4.24150897e-01]
 [1.23734946e-04]
 [1.52002194e+03]]",-52.27874630628121,[-4.42796402e-01 -1.23734946e-04 -1.52002194e+03],[-1.86455046e-02  1.67528697e-13 -1.13686838e-12],[-0.0186455],[4502.25],[83.94672293],[63.05769008]
2023-06-23,[10.42025942],"[[4.38978612e-01]
 [1.29897877e-04]
 [1.57551177e+03]]",-42.528614858477994,[-4.57916478e-01 -1.29897877e-04 -1.57551177e+03],[-1.89378655e-02 -6.91245563e-14  6.82121026e-13],[-0.01893787],[4484.],[84.91738902],[52.80903358]
2023-06-26,[8.95586626],"[[4.41316301e-01]
 [1.30987187e-04]
 [1.57984946e+03]]",-53.276336123000725,[-4.58711791e-01 -1.30987187e-04 -1.57984946e+03],[-1.739549e-02 -1.858863e-13  0.000000e+00],[-0.01739549],[4490.],[78.10575007],[33.78528021]
2023-06-27,[21.74438131],"[[4.41587494e-01]
 [1.26521866e-04]
 [1.57130630e+03]]",-58.857899920864014,[-4.56627578e-01 -1.26521866e-04 -1.57130630e+03],[-1.50400844e-02 -4.45340650e-13  2.27373675e-13],[-0.01504008],[4562.5],[68.62038511],[31.5068665]
2023-06-28,[20.05984773],"[[4.42095038e-01]
 [1.27185792e-04]
 [1.57241618e+03]]",-58.60405675211226,[-4.63381178e-01 -1.27185792e-04 -1.57241618e+03],[-2.12861403e-02  3.89295529e-14 -9.09494702e-13],[-0.02128614],[4558.51851852],[97.0332646],[58.48905558]
2023-06-29,[15.25],"[[4.50491811e-01]
 [1.26589748e-04]
 [1.58908640e+03]]",-57.13752937511588,[-4.67330865e-01 -1.26589748e-04 -1.58908640e+03],[-1.68390534e-02 -2.27822264e-13  0.00000000e+00],[-0.01683905],[4565.5],[76.87869813],[34.99116876]
2023-06-30,[19.5],"[[4.48950182e-01]
 [1.25746701e-04]
 [1.58203049e+03]]",-68.77162628624845,[-4.66283740e-01 -1.25746701e-04 -1.58203049e+03],[-1.73335576e-02  8.12282641e-14  6.82121026e-13],[-0.01733356],[4581.25],[79.40936063],[30.13773435]
2023-07-03,[10.71932569],"[[4.59364564e-01]
 [1.27969556e-04]
 [1.61011056e+03]]",-56.480351067313435,[-4.77992338e-01 -1.27969555e-04 -1.61011056e+03],[-1.86277741e-02  1.39634371e-13  6.82121026e-13],[-0.01862777],[4588.],[85.46422736],[39.70320198]
2023-07-04,[9.98249251],"[[4.50908139e-01]
 [1.29148118e-04]
 [1.58504967e+03]]",-44.82702246630158,[-4.71250860e-01 -1.29148119e-04 -1.58504967e+03],[-2.03427207e-02 -1.85047290e-13 -2.27373675e-13],[-0.02034272],[4537.75],[92.31018085],[57.46565089]
2023-07-05,[28.56068428],"[[4.41429400e-01]
 [1.23906146e-04]
 [1.54493070e+03]]",-70.04111072404811,[-4.59659380e-01 -1.23906146e-04 -1.54493070e+03],[-1.82299806e-02 -1.58621434e-13 -1.13686838e-12],[-0.01822998],[4576.],[83.4203911],[41.93996465]
2023-07-06,[37.6271703],"[[4.30128709e-01]
 [1.21781153e-04]
 [1.50271779e+03]]",-69.91805743201905,[-4.49389992e-01 -1.21781153e-04 -1.50271779e+03],[-1.92612832e-02 -2.93032430e-13 -9.09494702e-13],[-0.01926128],[4542.],[87.48474823],[55.1938611]
2023-07-07,[19.69279507],"[[4.42835655e-01]
 [1.25771338e-04]
 [1.54617057e+03]]",-58.63901468196665,[-4.60829441e-01 -1.25771338e-04 -1.54617057e+03],[-1.79937859e-02  3.37028040e-14  9.09494702e-13],[-0.01799379],[4540.],[81.69178791],[42.74556831]
2023-07-10,[7.17674125],"[[4.55464326e-01]
 [1.29813339e-04]
 [1.58448228e+03]]",-52.299038818585004,[-4.73858893e-01 -1.29813339e-04 -1.58448228e+03],[-1.83945670e-02 -1.81159341e-15  6.82121026e-13],[-0.01839457],[4535.],[83.41936149],[38.29706393]
2023-07-11,[18.74858613],"[[4.46384210e-01]
 [1.25989382e-04]
 [1.54839261e+03]]",-57.27511310192078,[-4.65829004e-01 -1.25989383e-04 -1.54839261e+03],[-1.94447944e-02 -1.16690322e-13  0.00000000e+00],[-0.01944479],[4553.],[88.53214869],[50.00562172]
2023-07-12,[20.97252559],"[[4.55267112e-01]
 [1.24708064e-04]
 [1.57008347e+03]]",-69.29385746795782,[-4.73968104e-01 -1.24708064e-04 -1.57008347e+03],[-1.87009911e-02 -1.30506418e-13  4.54747351e-13],[-0.01870099],[4610.75],[86.22559487],[37.904263]
2023-07-13,[28.91289314],"[[4.55659277e-01]
 [1.22637739e-04]
 [1.56500302e+03]]",-74.51737188322792,[-4.73834843e-01 -1.22637739e-04 -1.56500302e+03],[-1.81755654e-02  2.73519543e-14  6.82121026e-13],[-0.01817557],[4644.5],[84.4164136],[38.81193485]
2023-07-14,[23.01937389],"[[4.69182568e-01]
 [1.23367659e-04]
 [1.60406257e+03]]",-82.61590526953623,[-4.84071978e-01 -1.23367659e-04 -1.60406257e+03],[-1.48894100e-02 -1.15037916e-13 -2.27373675e-13],[-0.01488941],[4695.],[69.90578007],[10.30924869]
2023-07-17,[26.51694821],"[[4.59618991e-01]
 [1.23784409e-04]
 [1.57170619e+03]]",-69.65570857074331,[-4.78844180e-01 -1.23784409e-04 -1.57170619e+03],[-1.92251886e-02 -2.77240064e-13 -6.82121026e-13],[-0.01922519],[4660.],[89.58937887],[46.45061851]
2023-07-18,[28.62352076],"[[4.63179233e-01]
 [1.23256029e-04]
 [1.57920221e+03]]",-79.69395457889313,[-4.81388326e-01 -1.23256029e-04 -1.57920221e+03],[-1.82090938e-02  1.20827339e-13  4.54747351e-13],[-0.01820909],[4688.],[85.36423158],[34.29379776]
2023-07-19,[32.4434448],"[[4.74183647e-01]
 [1.21889782e-04]
 [1.60612980e+03]]",-83.08247193280727,[-4.89830548e-01 -1.21889782e-04 -1.60612980e+03],[-1.56469016e-02 -4.99857995e-14 -4.54747351e-13],[-0.0156469],[4761.25],[74.49881041],[23.85978328]
2023-07-20,[16.64250611],"[[4.70151553e-01]
 [1.24814333e-04]
 [1.59415837e+03]]",-75.53401316315285,[-4.88581642e-01 -1.24814333e-04 -1.59415837e+03],[-1.84300892e-02 -2.58557851e-13 -4.54747351e-13],[-0.01843009],[4665.],[85.97636633],[27.08485928]
2023-07-21,[38.17053338],"[[4.54102286e-01]
 [1.21127125e-04]
 [1.53971200e+03]]",-83.46945773087484,[-4.72494488e-01 -1.21127125e-04 -1.53971200e+03],[-1.83922020e-02  3.03104980e-14 -2.27373675e-13],[-0.0183922],[4665.],[85.79962235],[40.500698]
2023-07-24,[36.02142714],"[[4.57566727e-01]
 [1.21789104e-04]
 [1.54497415e+03]]",-74.45563559663545,[-4.77930656e-01 -1.21789104e-04 -1.54497415e+03],[-2.03639295e-02 -5.91063656e-14  0.00000000e+00],[-0.02036393],[4677.],[95.24209808],[56.80788962]
2023-07-25,[35.51958651],"[[4.64319196e-01]
 [1.21253383e-04]
 [1.56018224e+03]]",-92.81168093546107,[-4.85722890e-01 -1.21253383e-04 -1.56018224e+03],[-2.14036938e-02 -8.76207608e-14 -6.82121026e-13],[-0.02140369],[4709.],[100.78999399],[43.49789956]
2023-07-26,[66.31956725],"[[4.46084375e-01]
 [1.17052243e-04]
 [1.49824279e+03]]",-96.86756137657979,[-4.65595375e-01 -1.17052243e-04 -1.49824279e+03],[-1.95109996e-02 -2.04421441e-14 -6.82121026e-13],[-0.019511],[4703.75],[91.77486432],[61.22687018]
2023-07-27,[69.10260214],"[[4.38723310e-01]
 [1.16986386e-04]
 [1.47478568e+03]]",-114.97140859171128,[-4.59329506e-01 -1.16986386e-04 -1.47478568e+03],[-2.06061961e-02  1.46997201e-13 -6.82121026e-13],[-0.0206062],[4671.],[96.25154186],[50.38273541]
2023-07-28,[29.75],"[[4.68095874e-01]
 [1.22663476e-04]
 [1.56751929e+03]]",-95.84045921710131,[-4.89004552e-01 -1.22663476e-04 -1.56751929e+03],[-2.09086772e-02 -1.32713718e-13 -9.09494702e-13],[-0.02090868],[4710.],[98.47986955],[32.38941033]
2023-07-31,[32.25455239],"[[4.68299976e-01]
 [1.22548892e-04]
 [1.56164159e+03]]",-82.05814074853747,[-4.89380109e-01 -1.22548892e-04 -1.56164159e+03],[-2.10801325e-02 -9.36672614e-14  2.27373675e-13],[-0.02108013],[4720.75],[99.51403554],[49.71044719]
2023-08-01,[13.86603285],"[[4.76536864e-01]
 [1.26618812e-04]
 [1.59031945e+03]]",-80.58294367994114,[-4.95846003e-01 -1.26618812e-04 -1.59031945e+03],[-1.93091385e-02 -1.72313607e-14  0.00000000e+00],[-0.01930914],[4689.75],[90.55503212],[23.83812129]
2023-08-02,[30.79222671],"[[4.54014545e-01]
 [1.24268912e-04]
 [1.52079065e+03]]",-95.52957242807013,[-4.75052788e-01 -1.24268912e-04 -1.52079065e+03],[-2.10382428e-02  3.87883898e-14  4.54747351e-13],[-0.02103824],[4640.5],[97.62796559],[32.89061987]
2023-08-03,[26.387068],"[[4.58774795e-01]
 [1.23931180e-04]
 [1.52809253e+03]]",-80.21285128725971,[-4.78824593e-01 -1.23931180e-04 -1.52809253e+03],[-2.00497976e-02 -8.09501663e-14  4.54747351e-13],[-0.0200498],[4640.5],[93.04108571],[39.21530243]
2023-08-04,[11.36125059],"[[4.63813913e-01]
 [1.28179059e-04]
 [1.54819480e+03]]",-66.39870203826968,[-4.84514688e-01 -1.28179059e-04 -1.54819480e+03],[-2.07007749e-02 -2.96270170e-14  0.00000000e+00],[-0.02070077],[4600.],[95.22356442],[40.18611297]
2023-08-07,[38.39780941],"[[4.49874271e-01]
 [1.22786936e-04]
 [1.49362415e+03]]",-89.80912895655518,[-4.75508411e-01 -1.22786936e-04 -1.49362415e+03],[-2.56341400e-02  1.92273172e-13  6.82121026e-13],[-0.02563414],[4638.],[118.89114125],[67.4798217]
2023-08-08,[20.75],"[[4.58204897e-01]
 [1.26512718e-04]
 [1.52207217e+03]]",-74.81899797900628,[-4.79764197e-01 -1.26512718e-04 -1.52207217e+03],[-2.15593004e-02 -3.54870755e-14 -4.54747351e-13],[-0.0215593],[4619.75],[99.59857793],[45.52957996]
2023-08-09,[11.0800584],"[[4.59742089e-01]
 [1.30323604e-04]
 [1.53328520e+03]]",-76.45315090286711,[-4.80536656e-01 -1.30323604e-04 -1.53328520e+03],[-2.07945673e-02  6.41479871e-14 -6.82121026e-13],[-0.02079457],[4587.75],[95.40027604],[30.02718354]
2023-08-10,[20.40053231],"[[4.52421107e-01]
 [1.27276650e-04]
 [1.50277081e+03]]",-92.84492764451545,[-4.75287043e-01 -1.27276650e-04 -1.50277081e+03],[-2.28659358e-02  1.08947682e-14  2.27373675e-13],[-0.02286594],[4587.],[104.88604748],[32.44165215]
2023-08-11,[23.84757979],"[[4.49560901e-01]
 [1.26994061e-04]
 [1.49304339e+03]]",-72.58697336770884,[-4.70254452e-01 -1.26994061e-04 -1.49304339e+03],[-2.06935506e-02 -8.48425876e-14 -4.54747351e-13],[-0.02069355],[4588.5],[94.95235688],[46.21296331]
2023-08-14,[22.67314517],"[[4.61663480e-01]
 [1.26883103e-04]
 [1.52072440e+03]]",-77.87247186770156,[-4.82863095e-01 -1.26883103e-04 -1.52072440e+03],[-2.11996158e-02  2.89354044e-14  0.00000000e+00],[-0.02119962],[4651.],[98.59941311],[43.40008641]
2023-08-15,[26.36958509],"[[4.41176952e-01]
 [1.28061761e-04]
 [1.46468600e+03]]",-80.32777466807929,[-4.64746144e-01 -1.28061761e-04 -1.46468600e+03],[-2.35691916e-02  5.24693136e-14  0.00000000e+00],[-0.02356919],[4558.75],[107.4460521],[53.48786252]
2023-08-16,[29.6753595],"[[4.47183213e-01]
 [1.27318797e-04]
 [1.47914216e+03]]",-74.82588050071743,[-4.66263251e-01 -1.27318797e-04 -1.47914216e+03],[-1.90800375e-02 -1.09635743e-13 -9.09494702e-13],[-0.01908004],[4606.],[87.88265281],[42.73213181]
2023-08-17,[21.25902745],"[[4.43993868e-01]
 [1.29240121e-04]
 [1.46978969e+03]]",-67.48857426773907,[-4.65018411e-01 -1.29240121e-04 -1.46978969e+03],[-2.10245436e-02 -1.04436831e-13 -2.27373675e-13],[-0.02102454],[4552.5],[95.71423465],[49.48468783]
2023-08-18,[20.55571161],"[[4.30488162e-01]
 [1.31026307e-04]
 [1.43394411e+03]]",-54.912944673534625,[-4.53396132e-01 -1.31026307e-04 -1.43394411e+03],[-2.29079696e-02 -2.72768245e-13 -9.09494702e-13],[-0.02290797],[4481.],[102.6506118],[68.29337873]
2023-08-21,[13.36149742],"[[4.47420893e-01]
 [1.32341993e-04]
 [1.47743597e+03]]",-55.304169579509185,[-4.70344214e-01 -1.32341993e-04 -1.47743597e+03],[-2.29233213e-02  1.01131668e-13  2.27373675e-13],[-0.02292332],[4540.],[104.0718785],[62.12920634]
2023-08-22,[11.5],"[[4.51927602e-01]
 [1.33095106e-04]
 [1.49015653e+03]]",-58.01368768704329,[-4.77897362e-01 -1.33095106e-04 -1.49015653e+03],[-2.59697602e-02 -1.21894058e-13  2.27373675e-13],[-0.02596976],[4558.05555556],[118.3716096],[71.85792191]
2023-08-23,[13.5],"[[4.52131227e-01]
 [1.32586999e-04]
 [1.48800025e+03]]",-61.18046801070216,[-4.78607366e-01 -1.32586999e-04 -1.48800025e+03],[-2.64761392e-02 -2.97224810e-14  0.00000000e+00],[-0.02647614],[4571.],[121.02243215],[73.34196414]
2023-08-24,[15.25],"[[4.35290212e-01]
 [1.33317860e-04]
 [1.43948409e+03]]",-63.61693179918409,[-4.63528665e-01 -1.33317860e-04 -1.43948409e+03],[-2.82384530e-02 -6.92990587e-14  0.00000000e+00],[-0.02823845],[4487.],[126.70593839],[78.33900659]
2023-08-25,[12.93542223],"[[4.51689100e-01]
 [1.32865932e-04]
 [1.48225709e+03]]",-53.59442968096262,[-4.79662949e-01 -1.32865932e-04 -1.48225709e+03],[-2.79738485e-02 -2.20386182e-13 -1.13686838e-12],[-0.02797385],[4564.48148148],[127.68611355],[87.0271061]
2023-08-28,[13.01322215],"[[4.47411909e-01]
 [1.33887976e-04]
 [1.46649865e+03]]",-55.950386351185244,[-4.74710166e-01 -1.33887976e-04 -1.46649865e+03],[-2.72982579e-02 -8.15744499e-14  9.09494702e-13],[-0.02729826],[4545.5],[124.08423112],[81.14706692]
2023-08-29,[16.94036504],"[[4.63127010e-01]
 [1.32022120e-04]
 [1.50564993e+03]]",-70.2324181921492,[-4.93709328e-01 -1.32022120e-04 -1.50564993e+03],[-3.05823181e-02  1.83405266e-14 -4.54747351e-13],[-0.03058232],[4654.16666667],[142.3352055],[89.04315235]
2023-08-30,[32.66266402],"[[4.55819449e-01]
 [1.28802524e-04]
 [1.47724487e+03]]",-80.69824318199113,[-4.87355906e-01 -1.28802524e-04 -1.47724487e+03],[-3.15364568e-02  8.39576347e-14  0.00000000e+00],[-0.03153646],[4671.09259259],[147.30970998],[99.27413081]
2023-08-31,[9.8509926],"[[4.71321103e-01]
 [1.34552900e-04]
 [1.52962798e+03]]",-60.69484245247487,[-5.01906611e-01 -1.34552900e-04 -1.52962798e+03],[-3.05855086e-02 -1.11024633e-13  4.54747351e-13],[-0.03058551],[4670.69444444],[142.85556506],[92.01171521]
2023-09-01,[16.84652929],"[[4.65750151e-01]
 [1.33201162e-04]
 [1.51046464e+03]]",-78.77356007844836,[-4.97825597e-01 -1.33201162e-04 -1.51046464e+03],[-3.20754457e-02  1.04414280e-13  4.54747351e-13],[-0.03207545],[4676.88888889],[150.0132954],[88.08626461]
2023-09-04,[21.73957256],"[[4.53022953e-01]
 [1.33618906e-04]
 [1.47077199e+03]]",-67.98133687846672,[-4.86239281e-01 -1.33618906e-04 -1.47077199e+03],[-3.32163285e-02 -4.95718917e-15  2.27373675e-13],[-0.03321633],[4631.5],[153.84142547],[107.59966115]
2023-09-05,[43.70312037],"[[4.46943127e-01]
 [1.29629994e-04]
 [1.44492681e+03]]",-85.89809367155728,[-4.77364319e-01 -1.29629994e-04 -1.44492681e+03],[-3.04211926e-02 -1.59995850e-13  0.00000000e+00],[-0.03042119],[4668.75],[142.0289428],[99.8339695]
2023-09-06,[13.14910435],"[[4.48351322e-01]
 [1.36787676e-04]
 [1.45922610e+03]]",-63.87347022624046,[-4.79954100e-01 -1.36787676e-04 -1.45922610e+03],[-3.16027772e-02  2.99657217e-14  6.82121026e-13],[-0.03160278],[4571.25],[144.46419512],[93.73982925]
2023-09-07,[12.15819804],"[[4.46677872e-01]
 [1.37518887e-04]
 [1.45396589e+03]]",-60.597980864787615,[-4.81267970e-01 -1.37518887e-04 -1.45396589e+03],[-3.45900977e-02  4.35839516e-14 -4.54747351e-13],[-0.0345901],[4558.75],[157.68760771],[109.24782489]
2023-09-08,[13.06310108],"[[4.47218676e-01]
 [1.37404816e-04]
 [1.45327831e+03]]",-51.85310082267802,[-4.58695942e-01 -1.37404816e-04 -1.45327831e+03],[-1.14772663e-02 -1.99736468e-13 -4.54747351e-13],[-0.01147727],[4567.5],[52.42241396],[13.63241422]
2023-09-11,[30.11136199],"[[4.48759449e-01]
 [1.33531891e-04]
 [1.44444852e+03]]",-55.382573128987474,[-4.56557668e-01 -1.33531891e-04 -1.44444852e+03],[-7.79821830e-03  2.29215084e-13  1.13686838e-12],[-0.00779822],[4643.5],[36.21102668],[10.93981554]
2023-09-12,[16.90234751],"[[4.51838876e-01]
 [1.36833540e-04]
 [1.45667951e+03]]",-49.66485473798421,[-4.63598878e-01 -1.36833540e-04 -1.45667951e+03],[-1.17600019e-02 -1.76423925e-13 -9.09494702e-13],[-0.01176],[4614.64814815],[54.26827104],[21.50576381]
2023-09-13,[15.14924369],"[[4.54022771e-01]
 [1.37220209e-04]
 [1.46063668e+03]]",-50.339830878850115,[-4.63480025e-01 -1.37220209e-04 -1.46063668e+03],[-9.45725377e-03 -8.49603862e-14 -4.54747351e-13],[-0.00945725],[4618.5],[43.67832654],[8.48773935]
2023-09-14,[13.],"[[4.61263736e-01]
 [1.37769509e-04]
 [1.47930075e+03]]",-64.08401633244145,[-4.73040057e-01 -1.37769509e-04 -1.47930075e+03],[-1.17763205e-02  1.01969756e-14  2.27373675e-13],[-0.01177632],[4650.98148148],[54.77144847],[3.68743214]
2023-09-15,[15.63378113],"[[4.49398670e-01]
 [1.38396693e-04]
 [1.44732236e+03]]",-43.22294085612374,[-4.58142804e-01 -1.38396693e-04 -1.44732236e+03],[-8.74413346e-03 -9.38942392e-14 -9.09494702e-13],[-0.00874413],[4602.25],[40.24268822],[12.65352849]
2023-09-18,[14.65967399],"[[4.49221999e-01]
 [1.39054109e-04]
 [1.44079165e+03]]",-42.59066887120401,[-4.62799130e-01 -1.39054110e-04 -1.44079165e+03],[-1.35771313e-02 -5.23996862e-13  0.00000000e+00],[-0.01357713],[4597.61111111],[62.42236966],[34.49137477]
2023-09-19,[9.59752302],"[[4.52190522e-01]
 [1.40844083e-04]
 [1.44976832e+03]]",-42.48116117730686,[-4.65126415e-01 -1.40844083e-04 -1.44976832e+03],[-1.29358937e-02 -6.85828618e-14  2.27373675e-13],[-0.01293589],[4590.80555556],[59.38617281],[26.50253465]
2023-09-20,[10.38609938],"[[4.46877324e-01]
 [1.41248904e-04]
 [1.43427533e+03]]",-40.46071841431268,[-4.59742220e-01 -1.41248904e-04 -1.43427533e+03],[-1.28648952e-02  1.14670480e-13 -4.54747351e-13],[-0.0128649],[4567.94444444],[58.76612635],[28.69150731]
2023-09-21,[9.99398008],"[[4.28310904e-01]
 [1.43372145e-04]
 [1.38650113e+03]]",-41.00981066911554,[-4.39350158e-01 -1.43372145e-04 -1.38650113e+03],[-1.10392538e-02 -2.65206151e-14  6.82121026e-13],[-0.01103925],[4469.90740741],[49.34444224],[18.32861165]
2023-09-22,[6.25],"[[4.30153302e-01]
 [1.45251449e-04]
 [1.39251267e+03]]",-37.48835877260106,[-4.40704439e-01 -1.45251449e-04 -1.39251267e+03],[-1.05511372e-02 -2.47287000e-14 -2.27373675e-13],[-0.01055114],[4458.65740741],[47.043906],[15.80554723]
2023-09-25,[4.85],"[[4.34011465e-01]
 [1.46100642e-04]
 [1.39721850e+03]]",-35.844170541291135,[-4.45881716e-01 -1.46100642e-04 -1.39721850e+03],[-1.18702510e-02 -1.28236777e-13 -2.27373675e-13],[-0.01187025],[4469.98148148],[53.05980231],[22.06563177]
2023-09-26,[6.6755487],"[[4.24148697e-01]
 [1.46118882e-04]
 [1.36870430e+03]]",-34.55979097312458,[-4.34862816e-01 -1.46118882e-04 -1.36870430e+03],[-1.07141190e-02  2.26067076e-13  2.27373675e-13],[-0.01071412],[4432.07407407],[47.48576899],[19.60152672]
2023-09-27,[5.87024725],"[[4.20986809e-01]
 [1.47074569e-04]
 [1.35967320e+03]]",-29.08656794582935,[-4.32398053e-01 -1.47074569e-04 -1.35967320e+03],[-1.14112440e-02  1.58789892e-13  4.54747351e-13],[-0.01141124],[4411.25925926],[50.33795576],[27.12163506]
2023-09-28,[9.04514576],"[[4.19752114e-01]
 [1.45413580e-04]
 [1.35076463e+03]]",-36.22873305574373,[-4.29791073e-01 -1.45413580e-04 -1.35076463e+03],[-1.00389585e-02 -1.03290803e-13  0.00000000e+00],[-0.01003896],[4422.33333333],[44.395621],[17.2120337]
2023-09-29,[5.5],"[[4.26452416e-01]
 [1.47173782e-04]
 [1.37012927e+03]]",-30.315641998793353,[-4.38044955e-01 -1.47173782e-04 -1.37012927e+03],[-1.15925393e-02 -1.59646032e-13 -2.27373675e-13],[-0.01159254],[4439.40740741],[51.46400486],[26.64836286]
2023-10-02,[5.74208745],"[[4.20681614e-01]
 [1.48080655e-04]
 [1.34959266e+03]]",-25.904314076906644,[-4.32726898e-01 -1.48080655e-04 -1.34959266e+03],[-1.20452832e-02 -1.13286388e-13 -6.82121026e-13],[-0.01204528],[4413.61111111],[53.1631956],[33.00096897]
2023-10-03,[4.],"[[4.11766660e-01]
 [1.50387331e-04]
 [1.32757798e+03]]",-31.971553339656076,[-4.22032800e-01 -1.50387331e-04 -1.32757798e+03],[-1.02661396e-02  8.84862929e-14  2.27373675e-13],[-0.01026614],[4355.86111111],[44.71787817],[16.74632484]
2023-10-04,[6.26877238],"[[4.12789442e-01]
 [1.48919152e-04]
 [1.32577624e+03]]",-31.572900686198526,[-4.23186645e-01 -1.48919152e-04 -1.32577624e+03],[-1.03972029e-02 -2.17121433e-13 -4.54747351e-13],[-0.0103972],[4378.84259259],[45.5277148],[20.22358649]
2023-10-05,[6.43545416],"[[4.13179509e-01]
 [1.48858323e-04]
 [1.32425307e+03]]",-25.461843505378084,[-4.24728924e-01 -1.48858323e-04 -1.32425307e+03],[-1.15494144e-02 -4.10474091e-13 -9.09494702e-13],[-0.01154941],[4381.7962963],[50.60718144],[31.5807921]
2023-10-06,[5.05],"[[4.26361292e-01]
 [1.48483663e-04]
 [1.35578400e+03]]",-36.02257570212636,[-4.36702795e-01 -1.48483663e-04 -1.35578400e+03],[-1.03415028e-02 -8.94187610e-15  4.54747351e-13],[-0.0103415],[4440.05555556],[45.91684717],[14.94427146]
2023-10-09,[5.0814338],"[[4.27169340e-01]
 [1.49226626e-04]
 [1.35301624e+03]]",-39.57968768842004,[-4.37171472e-01 -1.49226626e-04 -1.35301624e+03],[-1.00021326e-02 -2.40227895e-13 -2.27373675e-13],[-0.01000213],[4450.31481481],[44.51263877],[10.01438487]
2023-10-10,[5.69650982],"[[4.34542647e-01]
 [1.48313527e-04]
 [1.36828891e+03]]",-34.840346665865226,[-4.45791154e-01 -1.48313527e-04 -1.36828891e+03],[-1.12485069e-02  8.81387790e-14  0.00000000e+00],[-0.01124851],[4494.],[50.55079013],[21.40695329]
2023-10-11,[5.85015671],"[[4.35229457e-01]
 [1.48889704e-04]
 [1.36990796e+03]]",-33.49550525104962,[-4.45390132e-01 -1.48889704e-04 -1.36990796e+03],[-1.01606745e-02 -1.37516734e-13 -2.27373675e-13],[-0.01016067],[4504.61111111],[45.76988738],[18.12453884]
2023-10-12,[25.08983084],"[[4.16677619e-01]
 [1.43487514e-04]
 [1.30952499e+03]]",-40.1195830475223,[-4.23986851e-01 -1.43487514e-04 -1.30952499e+03],[-7.30923181e-03 -6.44630562e-14  0.00000000e+00],[-0.00730923],[4483.5],[32.77094082],[17.74118861]
2023-10-13,[6.1188361],"[[4.25639897e-01]
 [1.49669900e-04]
 [1.34097645e+03]]",-30.09204429181068,[-4.32760351e-01 -1.49669899e-04 -1.34097645e+03],[-7.12045388e-03  2.35179010e-13  2.27373675e-13],[-0.00712045],[4455.],[31.72162201],[7.74841382]
2023-10-16,[12.76557745],"[[4.27378891e-01]
 [1.48302710e-04]
 [1.33851015e+03]]",-37.18779613912939,[-4.34186468e-01 -1.48302710e-04 -1.33851015e+03],[-6.80757661e-03  3.29241842e-14 -4.54747351e-13],[-0.00680758],[4510.],[30.70217053],[6.27995184]
2023-10-17,[6.40249831],"[[4.29035217e-01]
 [1.50843285e-04]
 [1.34423436e+03]]",-34.44884798890219,[-4.39952522e-01 -1.50843285e-04 -1.34423436e+03],[-1.09173052e-02  7.76765262e-14  6.82121026e-13],[-0.01091731],[4486.51851852],[48.98069209],[20.93434241]
2023-10-18,[4.95],"[[4.22749282e-01]
 [1.52671074e-04]
 [1.32924727e+03]]",-31.13721263453781,[-4.29336590e-01 -1.52671074e-04 -1.32924727e+03],[-6.58730848e-03 -6.34519564e-14  0.00000000e+00],[-0.00658731],[4447.5],[29.29705445],[3.10984181]
2023-10-19,[4.45],"[[4.12516558e-01]
 [1.53850149e-04]
 [1.30179181e+03]]",-35.69405847413843,[-4.19175824e-01 -1.53850149e-04 -1.30179181e+03],[-6.65926661e-03 -4.32579320e-14 -2.27373675e-13],[-0.00665927],[4389.5],[29.23085077],[-2.01320771]
2023-10-20,[3.65],"[[4.04623146e-01]
 [1.55723916e-04]
 [1.28285002e+03]]",-28.69153286712151,[-4.14436642e-01 -1.55723917e-04 -1.28285002e+03],[-9.81349553e-03 -1.20372191e-13  0.00000000e+00],[-0.0098135],[4347.57407407],[42.66489872],[17.62336585]
2023-10-23,[4.88277033],"[[4.02036105e-01]
 [1.55708645e-04]
 [1.26957075e+03]]",-23.896116878012215,[-4.11537560e-01 -1.55708645e-04 -1.26957075e+03],[-9.50145480e-03  3.61333142e-14  0.00000000e+00],[-0.00950145],[4348.14814815],[41.31373308],[22.30038654]
2023-10-24,[9.43336131],"[[3.99272845e-01]
 [1.53873357e-04]
 [1.25780136e+03]]",-27.228688749514372,[-4.08679464e-01 -1.53873357e-04 -1.25780136e+03],[-9.40661869e-03  4.59266685e-14  0.00000000e+00],[-0.00940662],[4362.7037037],[41.0382902],[23.24296276]
2023-10-25,[3.32857059],"[[3.92205195e-01]
 [1.58276359e-04]
 [1.24386606e+03]]",-23.751450260000897,[-4.01325879e-01 -1.58276359e-04 -1.24386606e+03],[-9.12068459e-03  8.73492359e-14 -2.27373675e-13],[-0.00912068],[4290.35185185],[39.13094603],[18.70806636]
2023-10-26,[3.5292277],"[[3.87917914e-01]
 [1.58449935e-04]
 [1.23028462e+03]]",-21.583301678936515,[-3.96946321e-01 -1.58449935e-04 -1.23028462e+03],[-9.02840760e-03 -1.24691463e-13 -2.27373675e-13],[-0.00902841],[4269.7037037],[38.54862537],[20.49455139]
2023-10-27,[4.37315326],"[[3.76135966e-01]
 [1.58739148e-04]
 [1.19748050e+03]]",-18.615106818731338,[-3.85029527e-01 -1.58739148e-04 -1.19748050e+03],[-8.89356118e-03  2.62842320e-14 -4.54747351e-13],[-0.00889356],[4217.38888889],[37.5076061],[23.26565255]
2023-10-30,[1.9],"[[3.90273505e-01]
 [1.61306854e-04]
 [1.23312039e+03]]",-20.658803170876798,[-3.99590267e-01 -1.61306854e-04 -1.23312039e+03],[-9.31676219e-03  2.42158724e-14 -4.54747351e-13],[-0.00931676],[4276.24074074],[39.84071807],[21.0819149]
2023-10-31,[6.48595305],"[[3.87598914e-01]
 [1.58319435e-04]
 [1.22026256e+03]]",-20.532364767903445,[-3.92977461e-01 -1.58319436e-04 -1.22026256e+03],[-5.37854660e-03 -9.49181326e-14 -4.54747351e-13],[-0.00537855],[4303.],[23.14388603],[9.09747431]
2023-11-01,[5.09014483],"[[3.98607578e-01]
 [1.58786213e-04]
 [1.24739103e+03]]",-23.143231091548742,[-4.07653472e-01 -1.58786213e-04 -1.24739103e+03],[-9.04589346e-03 -1.22540270e-13  0.00000000e+00],[-0.00904589],[4353.48148148],[39.38112966],[21.32804339]
2023-11-02,[2.93423597],"[[4.11373010e-01]
 [1.60659635e-04]
 [1.28254466e+03]]",-26.86960678634247,[-4.19992971e-01 -1.60659636e-04 -1.28254466e+03],[-8.61996111e-03 -3.68256424e-13 -9.09494702e-13],[-0.00861996],[4413.51851852],[38.04435799],[14.10898717]
2023-11-03,[3.85109052],"[[4.21879042e-01]
 [1.59248036e-04]
 [1.30409909e+03]]",-28.878993449662445,[-4.31327731e-01 -1.59248037e-04 -1.30409909e+03],[-9.44868924e-03 -5.93760880e-14 -6.82121026e-13],[-0.00944869],[4475.85185185],[42.29093323],[17.26303031]
2023-11-06,[7.0868387],"[[4.15137625e-01]
 [1.58928536e-04]
 [1.27996053e+03]]",-29.654141435666048,[-4.23559369e-01 -1.58928536e-04 -1.27996053e+03],[-8.42174423e-03 -1.53343619e-13 -1.59161573e-12],[-0.00842174],[4467.7962963],[37.62663767],[15.05933493]
2023-11-07,[3.38882119],"[[4.23194607e-01]
 [1.60763713e-04]
 [1.30048900e+03]]",-32.4962041227992,[-4.31698670e-01 -1.60763713e-04 -1.30048900e+03],[-8.50406236e-03 -3.64480310e-14  0.00000000e+00],[-0.00850406],[4487.55555556],[38.16245229],[9.05506936]
2023-11-08,[3.64695871],"[[4.21999961e-01]
 [1.61237759e-04]
 [1.29635576e+03]]",-28.606580937104756,[-4.30511460e-01 -1.61237759e-04 -1.29635576e+03],[-8.51149880e-03 -9.06544533e-14  2.27373675e-13],[-0.0085115],[4487.66666667],[38.19676947],[13.23714724]
2023-11-09,[2.90719542],"[[4.16888170e-01]
 [1.62291237e-04]
 [1.28264271e+03]]",-28.726544402270456,[-4.24278369e-01 -1.62291237e-04 -1.28264271e+03],[-7.39019886e-03 -1.39254331e-13  0.00000000e+00],[-0.0073902],[4455.30555556],[32.92559405],[7.10624507]
2023-11-10,[4.88867979],"[[4.26675326e-01]
 [1.60517534e-04]
 [1.30144987e+03]]",-31.257872832099896,[-4.35342667e-01 -1.60517534e-04 -1.30144987e+03],[-8.66734024e-03 -7.46164469e-14 -9.09494702e-13],[-0.00866734],[4522.63888889],[39.19925005],[12.83005701]
2023-11-13,[3.4],"[[4.28607266e-01]
 [1.62309857e-04]
 [1.30172436e+03]]",-33.176093494831,[-4.33985456e-01 -1.62309857e-04 -1.30172436e+03],[-5.37818989e-03  3.05995463e-14  2.27373675e-13],[-0.00537819],[4528.5],[24.35513293],[-5.42096056]
2023-11-14,[5.2],"[[4.40490745e-01]
 [1.60788356e-04]
 [1.32528943e+03]]",-40.38999814625727,[-4.48960327e-01 -1.60788356e-04 -1.32528943e+03],[-8.46958158e-03 -1.15280561e-13 -2.27373675e-13],[-0.00846958],[4605.35185185],[39.00540322],[3.81540508]
2023-11-15,[5.75],"[[4.40330913e-01]
 [1.60874316e-04]
 [1.32243993e+03]]",-41.88502529213437,[-4.48654060e-01 -1.60874316e-04 -1.32243993e+03],[-8.32314685e-03 -2.86640801e-13 -2.27373675e-13],[-0.00832315],[4609.65740741],[38.36685552],[2.23183023]
2023-11-16,[5.22227508],"[[4.43991136e-01]
 [1.60918847e-04]
 [1.32817070e+03]]",-43.068547072334724,[-4.49093612e-01 -1.60918847e-04 -1.32817070e+03],[-5.10247616e-03 -3.91433576e-14  0.00000000e+00],[-0.00510248],[4625.5],[23.60150346],[-14.24476853]
2023-11-17,[5.4],"[[4.42202891e-01]
 [1.61584229e-04]
 [1.32278933e+03]]",-42.30092032145075,[-4.50751864e-01 -1.61584230e-04 -1.32278933e+03],[-8.54897301e-03 -2.12229404e-13 -2.27373675e-13],[-0.00854897],[4621.27777778],[39.50717897],[2.60625865]
2023-11-20,[6.97294099],"[[4.47767467e-01]
 [1.61198545e-04]
 [1.32655502e+03]]",-44.190643923257255,[-4.56780962e-01 -1.61198545e-04 -1.32655502e+03],[-9.01349572e-03 -7.86967605e-14 -4.54747351e-13],[-0.0090135],[4661.63888889],[42.01766219],[4.79995926]
2023-11-21,[5.65],"[[4.43832279e-01]
 [1.62748955e-04]
 [1.31781481e+03]]",-44.2011087959155,[-4.48361295e-01 -1.62748955e-04 -1.31781481e+03],[-4.52901525e-03 -2.77560364e-14 -2.27373675e-13],[-0.00452902],[4639.],[21.01010173],[-17.54100706]
2023-11-22,[6.05],"[[4.48649995e-01]
 [1.61998033e-04]
 [1.32423539e+03]]",-47.073086862178826,[-4.56819577e-01 -1.61998033e-04 -1.32423539e+03],[-8.16958250e-03 -1.38533092e-13  0.00000000e+00],[-0.00816958],[4663.81481481],[38.10141987],[-2.92166699]
2023-11-23,[13.81099391],"[[4.33619819e-01]
 [1.60900321e-04]
 [1.28499460e+03]]",-43.112725456000156,[-4.42665802e-01 -1.60900321e-04 -1.28499460e+03],[-9.04598346e-03 -5.26083083e-14  2.27373675e-13],[-0.00904598],[4620.75],[41.79922809],[12.49749654]
2023-11-24,[5.95],"[[4.48190357e-01]
 [1.62572810e-04]
 [1.31838524e+03]]",-46.951729303378414,[-4.56010921e-01 -1.62572810e-04 -1.31838524e+03],[-7.82056461e-03  4.67477619e-14  4.54747351e-13],[-0.00782056],[4663.24074074],[36.46917549],[-4.53255381]
2023-11-27,[5.5],"[[4.48420717e-01]
 [1.64123809e-04]
 [1.31344740e+03]]",-46.75358004591072,[-4.51629358e-01 -1.64123809e-04 -1.31344740e+03],[-3.20864122e-03  5.25411691e-14  0.00000000e+00],[-0.00320864],[4670.],[14.98435452],[-26.26922553]
2023-11-28,[5.73269624],"[[4.44988041e-01]
 [1.64955982e-04]
 [1.30458121e+03]]",-40.822443853042174,[-4.52779931e-01 -1.64955982e-04 -1.30458121e+03],[-7.79188941e-03 -2.05704377e-13 -4.54747351e-13],[-0.00779189],[4657.80555556],[36.29310577],[1.20335816]
2023-11-29,[5.9],"[[4.43719723e-01]
 [1.65373964e-04]
 [1.29961883e+03]]",-42.64890066686522,[-4.51119186e-01 -1.65373964e-04 -1.29961883e+03],[-7.39946219e-03  7.90483130e-14  4.54747351e-13],[-0.00739946],[4654.37037037],[34.4398376],[-2.30906307]
2023-11-30,[5.78939845],"[[4.47079304e-01]
 [1.64755015e-04]
 [1.30250901e+03]]",-44.848640858014214,[-4.53355743e-01 -1.64755015e-04 -1.30250901e+03],[-6.27643933e-03  8.69208405e-14 -9.09494702e-13],[-0.00627644],[4667.40740741],[29.29469944],[-9.76454297]
2023-12-01,[6.2993694],"[[4.49603064e-01]
 [1.64933232e-04]
 [1.30575420e+03]]",-47.87118865276797,[-4.56323477e-01 -1.64933232e-04 -1.30575420e+03],[-6.72041296e-03  1.64663476e-14 -2.27373675e-13],[-0.00672041],[4686.28703704],[31.49378414],[-10.07803511]
2023-12-04,[6.35600117],"[[4.44557122e-01]
 [1.66540138e-04]
 [1.28867852e+03]]",-46.24670327128364,[-4.50998288e-01 -1.66540139e-04 -1.28867852e+03],[-6.44116539e-03 -1.44177151e-13 -1.36424205e-12],[-0.00644117],[4667.64814815],[30.06509369],[-9.82560842]
2023-12-05,[7.28024664],"[[4.44249681e-01]
 [1.66840224e-04]
 [1.28578469e+03]]",-43.72477143515104,[-4.46343991e-01 -1.66840224e-04 -1.28578469e+03],[-2.09430933e-03  1.68663260e-13  2.27373675e-13],[-0.00209431],[4674.],[9.78880182],[-26.65572298]
2023-12-06,[6.65],"[[4.40230921e-01]
 [1.67844270e-04]
 [1.27577275e+03]]",-46.00053437489816,[-4.45426774e-01 -1.67844270e-04 -1.27577275e+03],[-5.19585245e-03 -2.40118255e-14 -4.54747351e-13],[-0.00519585],[4653.52777778],[24.17904372],[-15.17149065]
2023-12-07,[19.14962231],"[[4.38018973e-01]
 [1.64980163e-04]
 [1.26291943e+03]]",-52.64193582397702,[-4.39743182e-01 -1.64980163e-04 -1.26291943e+03],[-1.72420943e-03  1.23636724e-14 -4.54747351e-13],[-0.00172421],[4686.],[8.07964541],[-25.41266811]
2023-12-08,[8.62569541],"[[4.48822737e-01]
 [1.67155346e-04]
 [1.28733438e+03]]",-51.965308315972706,[-4.57404363e-01 -1.67155346e-04 -1.28733438e+03],[-8.58162593e-03  3.48096037e-13  4.54747351e-13],[-0.00858163],[4708.02777778],[40.40253324],[-2.93707966]
2023-12-11,[6.98235844],"[[4.51662410e-01]
 [1.68479354e-04]
 [1.28650952e+03]]",-51.000247768792185,[-4.60145866e-01 -1.68479354e-04 -1.28650952e+03],[-8.48345658e-03  1.87719767e-13  2.27373675e-13],[-0.00848346],[4720.13888889],[40.04309331],[-3.97479602]
2023-12-12,[6.65],"[[4.55525301e-01]
 [1.69181666e-04]
 [1.29317094e+03]]",-51.54027543688268,[-4.64093423e-01 -1.69181666e-04 -1.29317094e+03],[-8.56812260e-03  1.90020146e-13  9.09494702e-13],[-0.00856812],[4743.12037037],[40.63963683],[-4.2506386]
2023-12-13,[10.],"[[4.66549413e-01]
 [1.67669311e-04]
 [1.31017580e+03]]",-63.83436428292211,[-4.74952794e-01 -1.67669311e-04 -1.31017580e+03],[-8.40338137e-03 -2.71345853e-13 -9.09494702e-13],[-0.00840338],[4812.46296296],[40.4409616],[-13.39340269]
2023-12-14,[11.75],"[[4.66363280e-01]
 [1.67092940e-04]
 [1.30516335e+03]]",-65.17618430049708,[-4.74500126e-01 -1.67092940e-04 -1.30516335e+03],[-8.13684634e-03 -1.79981274e-13  1.13686838e-12],[-0.00813685],[4815.68518519],[39.18449039],[-14.24169391]
2023-12-15,[10.5],"[[4.66497382e-01]
 [1.67860511e-04]
 [1.30362614e+03]]",-62.99089020221334,[-4.75646315e-01 -1.67860511e-04 -1.30362614e+03],[-9.14893355e-03 -1.28410710e-13 -2.27373675e-13],[-0.00914893],[4814.51851852],[44.04771],[-8.44318021]
2023-12-18,[12.75],"[[4.68026104e-01]
 [1.68954215e-04]
 [1.29878915e+03]]",-68.91354707619972,[-4.75592746e-01 -1.68954216e-04 -1.29878915e+03],[-7.56664123e-03 -4.14812038e-13 -2.27373675e-13],[-0.00756664],[4836.98148148],[36.5997035],[-19.56384358]
2023-12-19,[16.5],"[[4.70099028e-01]
 [1.68587647e-04]
 [1.29874360e+03]]",-74.48003742202498,[-4.77274305e-01 -1.68587647e-04 -1.29874360e+03],[-7.17527768e-03 -8.10701061e-14 -1.13686838e-12],[-0.00717528],[4859.50925926],[34.8683283],[-23.11170912]
2023-12-20,[12.],"[[4.61969411e-01]
 [1.71166441e-04]
 [1.28406199e+03]]",-71.73493581698575,[-4.68824165e-01 -1.71166441e-04 -1.28406199e+03],[-6.85475406e-03 -1.70631765e-13 -2.27373675e-13],[-0.00685475],[4812.69444444],[32.98983676],[-26.74509906]
2023-12-21,[13.5],"[[4.66873409e-01]
 [1.69692211e-04]
 [1.28748111e+03]]",-69.60937295813515,[-4.74739760e-01 -1.69692210e-04 -1.28748111e+03],[-7.86635121e-03  4.13080811e-13  1.81898940e-12],[-0.00786635],[4836.10185185],[38.04247565],[-18.06689731]
2023-12-22,[17.],"[[4.68268729e-01]
 [1.69210922e-04]
 [1.28578187e+03]]",-71.88793788274832,[-4.76636103e-01 -1.69210922e-04 -1.28578187e+03],[-8.36737362e-03 -1.29839905e-13 -4.54747351e-13],[-0.00836737],[4853.05555556],[40.60732905],[-14.28060883]
2023-12-25,[7.84722313],"[[4.72378851e-01]
 [1.72549265e-04]
 [1.29006806e+03]]",-49.12124179788168,[-4.82261273e-01 -1.72549265e-04 -1.29006806e+03],[-9.88242207e-03  1.74979524e-13  2.27373675e-13],[-0.00988242],[4854.05555556],[47.96982577],[6.6958071]
2023-12-26,[18.94878917],"[[4.69949727e-01]
 [1.70794933e-04]
 [1.27799043e+03]]",-74.06089859619574,[-4.77105212e-01 -1.70794933e-04 -1.27799043e+03],[-7.15548419e-03  1.27156749e-13  6.82121026e-13],[-0.00715548],[4873.93518519],[34.87536617],[-20.23674326]
2023-12-27,[15.75],"[[4.73204153e-01]
 [1.71083900e-04]
 [1.28138183e+03]]",-72.75977364959415,[-4.80116378e-01 -1.71083900e-04 -1.28138183e+03],[-6.91222495e-03  9.92010293e-14  0.00000000e+00],[-0.00691222],[4881.44444444],[33.7416421],[-23.26813155]
2023-12-28,[15.5],"[[4.72761877e-01]
 [1.71116191e-04]
 [1.27697615e+03]]",-76.88616847751092,[-4.78606855e-01 -1.71116192e-04 -1.27697615e+03],[-5.84497785e-03 -1.23102266e-13  2.27373675e-13],[-0.00584498],[4877.86111111],[28.51099013],[-32.87517835]
2023-12-29,[13.],"[[4.70346161e-01]
 [1.71600975e-04]
 [1.26965791e+03]]",-71.4412106932289,[-4.76118687e-01 -1.71600975e-04 -1.26965791e+03],[-5.77252602e-03 -9.79666381e-14  6.82121026e-13],[-0.00577253],[4858.12962963],[28.04367972],[-30.39753098]
2024-01-01,[11.25946763],"[[4.73003968e-01]
 [1.73221185e-04]
 [1.26700786e+03]]",-48.79796770961034,[-4.78210288e-01 -1.73221186e-04 -1.26700786e+03],[-5.20631990e-03 -2.75157121e-13  9.09494702e-13],[-0.00520632],[4872.25],[25.36649214],[-12.17200794]
2024-01-02,[9.25],"[[4.62010649e-01]
 [1.76733424e-04]
 [1.24884588e+03]]",-61.74018466858247,[-4.68764562e-01 -1.76733424e-04 -1.24884588e+03],[-6.75391308e-03 -1.21388305e-13  0.00000000e+00],[-0.00675391],[4823.88888889],[32.58012628],[-19.91005839]
2024-01-03,[8.25],"[[4.55602267e-01]
 [1.78427277e-04]
 [1.23593862e+03]]",-59.311758084405696,[-4.61082236e-01 -1.78427277e-04 -1.23593862e+03],[-5.47996907e-03 -1.47714306e-13 -4.54747351e-13],[-0.00547997],[4794.2962963],[26.27259543],[-24.78916266]
2024-01-04,[7.65],"[[4.52792974e-01]
 [1.78834858e-04]
 [1.22756793e+03]]",-57.55367805568068,[-4.58164513e-01 -1.78834858e-04 -1.22756793e+03],[-5.37153909e-03 -4.63472847e-14  4.54747351e-13],[-0.00537154],[4778.2962963],[25.66680533],[-24.23687272]
2024-01-05,[7.45],"[[4.54731003e-01]
 [1.79780004e-04]
 [1.22951747e+03]]",-54.34065346926256,[-4.60371357e-01 -1.79780004e-04 -1.22951747e+03],[-5.64035422e-03 -1.30964060e-13  2.27373675e-13],[-0.00564035],[4792.07407407],[27.02899522],[-19.86165825]
2024-01-08,[12.4519509],"[[4.61778635e-01]
 [1.79244838e-04]
 [1.23078835e+03]]",-57.94436641588256,[-4.68060393e-01 -1.79244838e-04 -1.23078835e+03],[-6.28175742e-03 -1.02172990e-13 -4.54747351e-13],[-0.00628176],[4845.15740741],[30.43610349],[-15.05631203]
2024-01-09,[8.4],"[[4.61366553e-01]
 [1.81194002e-04]
 [1.22994753e+03]]",-57.07085021557552,[-4.67775740e-01 -1.81194002e-04 -1.22994753e+03],[-6.40918659e-03 -5.10982939e-13 -2.27373675e-13],[-0.00640919],[4836.2962963],[30.99672535],[-17.67412487]
2024-01-10,[9.25],"[[4.67235506e-01]
 [1.80894830e-04]
 [1.23652026e+03]]",-61.232664279062156,[-4.73058653e-01 -1.80894830e-04 -1.23652026e+03],[-5.82314756e-03 -1.18628008e-13 -4.54747351e-13],[-0.00582315],[4868.07407407],[28.34751365],[-23.63515063]
2024-01-11,[8.7],"[[4.65480489e-01]
 [1.81478183e-04]
 [1.23054276e+03]]",-62.89873099774175,[-4.69759686e-01 -1.81478183e-04 -1.23054276e+03],[-4.27919756e-03 -1.35425633e-13 -6.82121026e-13],[-0.0042792],[4859.14814815],[20.7932549],[-33.40547609]
2024-01-12,[8.75],"[[4.65838679e-01]
 [1.81681316e-04]
 [1.22774807e+03]]",-62.99234919992274,[-4.70033029e-01 -1.81681316e-04 -1.22774807e+03],[-4.19435032e-03 -5.86412429e-15  2.27373675e-13],[-0.00419435],[4861.68518519],[20.39161082],[-33.85073838]
2024-01-15,[9.],"[[4.65059547e-01]
 [1.83332076e-04]
 [1.21760190e+03]]",-60.85072033755727,[-4.65385881e-01 -1.83332076e-04 -1.21760190e+03],[-3.26334054e-04 -3.38464066e-14 -2.27373675e-13],[-0.00032633],[4865.25],[1.58769676],[-50.26302358]
2024-01-16,[8.15],"[[4.58938907e-01]
 [1.85027200e-04]
 [1.20552741e+03]]",-60.22527028407352,[-4.62076737e-01 -1.85027200e-04 -1.20552741e+03],[-3.13782976e-03 -6.68871425e-14 -2.27373675e-13],[-0.00313783],[4838.40740741],[15.18209877],[-36.89317151]
2024-01-17,[6.75],"[[4.53743834e-01]
 [1.86532713e-04]
 [1.19480819e+03]]",-56.615679700939836,[-4.56551699e-01 -1.86532713e-04 -1.19480819e+03],[-2.80786443e-03 -1.44772323e-13  6.82121026e-13],[-0.00280786],[4812.72222222],[13.51347152],[-36.35220818]
2024-01-18,[7.5],"[[4.62675944e-01]
 [1.86283680e-04]
 [1.20667212e+03]]",-59.15400872596446,[-4.65718181e-01 -1.86283680e-04 -1.20667212e+03],[-3.04223676e-03  2.93417444e-13  4.54747351e-13],[-0.00304224],[4859.64814815],[14.78420022],[-36.86980851]
2024-01-19,[12.],"[[4.72537645e-01]
 [1.84372083e-04]
 [1.21662513e+03]]",-73.04563924579058,[-4.74099803e-01 -1.84372083e-04 -1.21662513e+03],[-1.56215822e-03  1.63706939e-14 -6.82121026e-13],[-0.00156216],[4916.4537037],[7.68027859],[-53.36536066]
2024-01-22,[13.75],"[[4.73034357e-01]
 [1.85995974e-04]
 [1.20782783e+03]]",-77.63263739364808,[-4.73377425e-01 -1.85995974e-04 -1.20782783e+03],[-3.43067257e-04 -1.83289094e-13 -2.27373675e-13],[-0.00034307],[4929.75925926],[1.69123899],[-62.19139841]
2024-01-23,[13.],"[[4.77428906e-01]
 [1.86304977e-04]
 [1.21177044e+03]]",-73.50047924179171,[-4.78519127e-01 -1.86304977e-04 -1.21177044e+03],[-1.09022097e-03  3.23102358e-13  4.54747351e-13],[-0.00109022],[4950.12037037],[5.39672501],[-55.10375423]
2024-01-24,[16.5],"[[4.74653766e-01]
 [1.86786372e-04]
 [1.20335740e+03]]",-80.11244715687471,[-4.75158560e-01 -1.86786372e-04 -1.20335740e+03],[-5.04794471e-04 -1.48158422e-13 -6.82121026e-13],[-0.00050479],[4947.40740741],[2.49742391],[-61.11502325]
2024-01-25,[18.],"[[4.78753406e-01]
 [1.86100828e-04]
 [1.20496539e+03]]",-83.79011262239543,[-4.78426072e-01 -1.86100828e-04 -1.20496539e+03],[ 3.27334089e-04 -1.86862759e-13 -6.82121026e-13],[0.00032733],[4967.7962963],[-1.62612907],[-67.4162417]
2024-01-26,[17.],"[[4.77705820e-01]
 [1.87014341e-04]
 [1.20058338e+03]]",-84.85903993245486,[-4.76890590e-01 -1.87014340e-04 -1.20058338e+03],[ 8.15229686e-04  7.84303449e-14 -9.09494702e-13],[0.00081523],[4963.42592593],[-4.04633216],[-71.90537209]
2024-01-29,[21.75],"[[4.83152632e-01]
 [1.87832932e-04]
 [1.19754408e+03]]",-89.28234326477204,[-4.81280067e-01 -1.87832932e-04 -1.19754408e+03],[ 1.87256451e-03 -1.90165673e-13 -4.54747351e-13],[0.00187256],[5001.98148148],[-9.36653301],[-76.89887628]
2024-01-30,[22.5],"[[4.79540681e-01]
 [1.88731035e-04]
 [1.18876390e+03]]",-91.16482493565482,[-4.77410992e-01 -1.88731035e-04 -1.18876390e+03],[ 2.12968863e-03 -1.65183161e-13  4.54747351e-13],[0.00212969],[4989.09259259],[-10.62521377],[-79.29003871]
2024-01-31,[14.5],"[[4.67071033e-01]
 [1.92071183e-04]
 [1.16999668e+03]]",-80.29876303999818,[-4.64804641e-01 -1.92071183e-04 -1.16999668e+03],[ 2.26639168e-03  3.98676860e-14 -4.54747351e-13],[0.00226639],[4923.57407407],[-11.15874731],[-76.95751035]
2024-02-01,[22.],"[[4.76029393e-01]
 [1.91732689e-04]
 [1.17882744e+03]]",-85.52362197284718,[-4.73371128e-01 -1.91732689e-04 -1.17882744e+03],[2.65826464e-03 1.97048053e-14 0.00000000e+00],[0.00265826],[4981.56481481],[-13.24231761],[-76.76593959]
2024-02-02,[28.],"[[4.84748640e-01]
 [1.90613612e-04]
 [1.18599755e+03]]",-96.26556402505653,[-4.82628382e-01 -1.90613612e-04 -1.18599755e+03],[ 2.12025826e-03 -1.81146764e-13  2.27373675e-13],[0.00212026],[5029.2037037],[-10.66321068],[-78.92877471]
2024-02-05,[22.5],"[[4.80500516e-01]
 [1.93942692e-04]
 [1.17157064e+03]]",-94.54071590626214,[-4.75551382e-01 -1.93942692e-04 -1.17157064e+03],[ 4.94913416e-03 -1.08397097e-13  6.82121026e-13],[0.00494913],[5009.39814815],[-24.79218352],[-96.83289942]
2024-02-06,[22.5],"[[4.82558974e-01]
 [1.94754961e-04]
 [1.17135438e+03]]",-90.68978934388053,[-4.77938029e-01 -1.94754961e-04 -1.17135438e+03],[4.62094515e-03 2.26764977e-13 0.00000000e+00],[0.00462095],[5021.27777778],[-23.20304921],[-91.39283856]
2024-02-07,[30.5],"[[4.90271401e-01]
 [1.93834505e-04]
 [1.17624559e+03]]",-102.75876462792375,[-4.84684672e-01 -1.93834505e-04 -1.17624559e+03],[ 5.58672835e-03 -6.53232080e-14  2.27373675e-13],[0.00558673],[5066.83333333],[-28.30702141],[-100.56578604]
2024-02-08,[30.],"[[4.90312929e-01]
 [1.93970447e-04]
 [1.17220266e+03]]",-102.46981856886143,[-4.84357589e-01 -1.93970447e-04 -1.17220266e+03],[5.95533962e-03 2.08331751e-13 4.54747351e-13],[0.00595534],[5066.16666667],[-30.17074309],[-102.64056166]
2024-02-09,[36.75],"[[4.94774686e-01]
 [1.93362246e-04]
 [1.17264112e+03]]",-112.08406648360695,[-4.87762184e-01 -1.93362246e-04 -1.17264112e+03],[ 7.01250234e-03 -2.09544567e-13 -2.27373675e-13],[0.0070125],[5094.12037037],[-35.72253101],[-111.0565975]
2024-02-12,[39.5],"[[4.91381883e-01]
 [1.95624623e-04]
 [1.15669438e+03]]",-113.66522400508019,[-4.82577727e-01 -1.95624623e-04 -1.15669438e+03],[ 8.80415650e-03  1.03424132e-13 -2.27373675e-13],[0.00880416],[5087.73148148],[-44.79318419],[-118.95840819]
2024-02-13,[24.25],"[[4.77894570e-01]
 [2.00116197e-04]
 [1.13988610e+03]]",-95.30073677625893,[-4.69098457e-01 -2.00116197e-04 -1.13988610e+03],[ 8.79611252e-03  2.17647081e-14 -4.54747351e-13],[0.00879611],[5017.39814815],[-44.13359866],[-115.18433544]
2024-02-14,[32.],"[[4.88371262e-01]
 [1.98738667e-04]
 [1.14781975e+03]]",-100.46028321553337,[-4.78706609e-01 -1.98738667e-04 -1.14781975e+03],[9.66465254e-03 1.01453026e-13 6.82121026e-13],[0.00966465],[5071.94444444],[-49.01858076],[-117.47886397]
2024-02-15,[37.5],"[[4.94128488e-01]
 [1.97895573e-04]
 [1.14967356e+03]]",-111.63251037164261,[-4.83533039e-01 -1.97895574e-04 -1.14967356e+03],[ 1.05954491e-02 -8.25050477e-14  0.00000000e+00],[0.01059545],[5102.2962963],[-54.06112058],[-128.19363095]
2024-02-16,[31.5],"[[4.86714977e-01]
 [2.00547082e-04]
 [1.13847688e+03]]",-104.60902834675935,[-4.76074024e-01 -2.00547082e-04 -1.13847688e+03],[ 1.06409531e-02 -9.35745893e-14  2.27373675e-13],[0.01064095],[5068.18518519],[-53.93032105],[-127.0393494]
2024-02-19,[32.25],"[[4.85183859e-01]
 [2.03035112e-04]
 [1.12517464e+03]]",-89.8324491511651,[-4.76026869e-01 -2.03035112e-04 -1.12517464e+03],[ 9.15699012e-03 -7.80641827e-15 -4.54747351e-13],[0.00915699],[5068.22222222],[-46.4096608],[-103.99210995]
2024-02-20,[26.25],"[[4.80079475e-01]
 [2.04847641e-04]
 [1.11627080e+03]]",-95.80956103378787,[-4.65737452e-01 -2.04847641e-04 -1.11627080e+03],[ 1.43420229e-02 -3.90284593e-14 -6.82121026e-13],[0.01434202],[5041.82407407],[-72.30995642],[-141.86951745]
2024-02-21,[25.25],"[[4.87724572e-01]
 [2.04676730e-04]
 [1.12202084e+03]]",-98.13531113509742,[-4.71355191e-01 -2.04676730e-04 -1.12202084e+03],[ 1.63693807e-02 -2.95863323e-14  6.82121026e-13],[0.01636938],[5073.25925926],[-83.04611211],[-155.93142324]
2024-02-22,[48.5],"[[5.01241766e-01]
 [2.01630157e-04]
 [1.12888038e+03]]",-121.61413731522941,[-4.85724886e-01 -2.01630157e-04 -1.12888038e+03],[ 1.55168806e-02 -7.90113688e-14  4.54747351e-13],[0.01551688],[5152.92592593],[-79.95733617],[-153.07147348]
2024-02-23,[47.25],"[[5.00651279e-01]
 [2.02686939e-04]
 [1.12453575e+03]]",-125.22748594800521,[-4.83342504e-01 -2.02686939e-04 -1.12453575e+03],[ 1.73087754e-02 -1.63619931e-13  0.00000000e+00],[0.01730878],[5151.08333333],[-89.15894474],[-167.13643069]
2024-02-26,[40.75],"[[4.96545503e-01]
 [2.06135622e-04]
 [1.10906722e+03]]",-122.80801296268129,[-4.74635606e-01 -2.06135622e-04 -1.10906722e+03],[2.19098962e-02 1.00327732e-14 2.27373675e-13],[0.0219099],[5133.18518519],[-112.4675546],[-194.52556756]
2024-02-27,[41.25],"[[4.98780342e-01]
 [2.06734801e-04]
 [1.10748515e+03]]",-113.56653289722823,[-4.76874097e-01 -2.06734800e-04 -1.10748515e+03],[2.19062447e-02 4.87872004e-14 0.00000000e+00],[0.02190624],[5144.30555556],[-112.69241626],[-185.00894915]
2024-02-28,[36.75],"[[4.95067013e-01]
 [2.08561367e-04]
 [1.10025865e+03]]",-114.36614926646337,[-4.71749187e-01 -2.08561367e-04 -1.10025865e+03],[2.33178262e-02 1.14689074e-14 4.54747351e-13],[0.02331783],[5127.33333333],[-119.55826769],[-197.17441695]
2024-02-29,[42.75],"[[5.01886919e-01]
 [2.07007665e-04]
 [1.10166700e+03]]",-109.92346375283913,[-4.78191299e-01 -2.07007665e-04 -1.10166700e+03],[2.36956205e-02 4.34874305e-14 2.27373675e-13],[0.02369562],[5158.88888889],[-122.24307318],[-189.41653693]
2024-03-01,[54.25],"[[5.08515872e-01]
 [2.05662534e-04]
 [1.10203461e+03]]",-127.65058387648851,[-4.82887256e-01 -2.05662534e-04 -1.10203461e+03],[ 2.56286166e-02 -3.89059173e-14  2.27373675e-13],[0.02562862],[5195.08333333],[-133.14279879],[-206.54338266]
2024-03-04,[52.75],"[[5.05838001e-01]
 [2.10044567e-04]
 [1.08760091e+03]]",-130.56310198113553,[-4.74353898e-01 -2.10044567e-04 -1.08760091e+03],[ 3.14841025e-02 -1.26202488e-14 -2.27373675e-13],[0.0314841],[5190.33333333],[-163.41298678],[-241.22608876]
2024-03-05,[40.],"[[4.95698278e-01]
 [2.13847223e-04]
 [1.07546415e+03]]",-120.92693767413228,[-4.61043019e-01 -2.13847223e-04 -1.07546415e+03],[ 3.46552590e-02  4.85887101e-14 -2.27373675e-13],[0.03465526],[5143.37037037],[-178.24483251],[-259.17177018]
2024-03-06,[48.],"[[4.98152540e-01]
 [2.13729003e-04]
 [1.07217607e+03]]",-112.84980697385714,[-4.63122162e-01 -2.13729003e-04 -1.07217607e+03],[ 3.50303779e-02 -6.89129472e-14  0.00000000e+00],[0.03503038],[5160.87037037],[-180.7872392],[-245.63704617]
2024-03-07,[65.],"[[5.09263564e-01]
 [2.11488178e-04]
 [1.07582684e+03]]",-133.88151229921883,[-4.71423566e-01 -2.11488178e-04 -1.07582684e+03],[ 3.78399982e-02 -7.03813093e-14  4.54747351e-13],[0.03784],[5216.80555556],[-197.40391293],[-266.28542523]
2024-03-08,[55.],"[[5.03454162e-01]
 [2.14119581e-04]
 [1.06748907e+03]]",-132.3510589271694,[-5.18315445e-01 -2.14119581e-04 -1.06748907e+03],[-1.48612832e-02  7.61784570e-14 -4.54747351e-13],[-0.01486128],[5189.05555556],[77.11602396],[-0.23503497]
2024-03-11,[54.],"[[5.02680219e-01]
 [2.17846427e-04]
 [1.05397495e+03]]",-120.78997912123539,[-5.18843706e-01 -2.17846427e-04 -1.05397495e+03],[-1.61634861e-02 -1.20182916e-13  2.27373675e-13],[-0.01616349],[5191.02777778],[83.90510546],[17.11512634]
2024-03-12,[65.75],"[[5.12889279e-01]
 [2.15922074e-04]
 [1.05685964e+03]]",-123.83243478058665,[-5.31127425e-01 -2.15922075e-04 -1.05685964e+03],[-1.82381459e-02 -3.98910614e-13 -4.54747351e-13],[-0.01823815],[5237.75925926],[95.52701748],[37.4445827]
2024-03-13,[61.],"[[5.11911365e-01]
 [2.17569079e-04]
 [1.05226100e+03]]",-136.35468320144315,[-5.26718697e-01 -2.17569079e-04 -1.05226100e+03],[-1.48073326e-02 -5.28209502e-13 -6.82121026e-13],[-0.01480733],[5232.5],[77.47936779],[2.12468459]
2024-03-14,[52.75],"[[5.06137391e-01]
 [2.20132661e-04]
 [1.04370915e+03]]",-122.72883819355849,[-5.23044921e-01 -2.20132661e-04 -1.04370915e+03],[-1.69075309e-02  1.16628820e-13  2.27373675e-13],[-0.01690753],[5206.86111111],[88.03516533],[18.05632714]
2024-03-15,[47.75],"[[4.98567228e-01]
 [2.22623445e-04]
 [1.03272945e+03]]",-114.97907033027069,[-5.15693117e-01 -2.22623445e-04 -1.03272945e+03],[-1.71258886e-02  6.34358018e-14 -2.27373675e-13],[-0.01712589],[5176.55555556],[88.65311378],[21.42404345]
2024-03-18,[54.],"[[5.04992527e-01]
 [2.24784501e-04]
 [1.02393702e+03]]",-134.15641548207068,[-5.20710986e-01 -2.24784501e-04 -1.02393702e+03],[-1.57184581e-02 -2.43464726e-13 -7.95807864e-13],[-0.01571846],[5210.],[81.89316684],[1.73675135]
2024-03-19,[59.75],"[[5.11273343e-01]
 [2.24714978e-04]
 [1.02395672e+03]]",-127.26971015702286,[-5.28359388e-01 -2.24714979e-04 -1.02395672e+03],[-1.70860452e-02 -2.51458061e-13 -3.41060513e-13],[-0.01708605],[5238.5],[89.50524757],[21.98553742]
2024-03-20,[80.],"[[5.24917588e-01]
 [2.23300519e-04]
 [1.02789311e+03]]",-142.3115475344032,[-5.41870998e-01 -2.23300520e-04 -1.02789311e+03],[-1.69534100e-02 -4.19963353e-13 -4.54747351e-13],[-0.01695341],[5302.75],[89.89969463],[27.58814709]
2024-03-21,[81.5],"[[5.26497069e-01]
 [2.23835926e-04]
 [1.02387697e+03]]",-154.62298881634706,[-5.42752405e-01 -2.23835926e-04 -1.02387697e+03],[-1.62553363e-02 -1.79555372e-13  1.13686838e-13],[-0.01625534],[5310.],[86.31583601],[13.19284719]
2024-03-22,[73.25],"[[5.21805353e-01]
 [2.26369315e-04]
 [1.01641334e+03]]",-151.04283413728263,[-5.38203245e-01 -2.26369315e-04 -1.01641334e+03],[-1.63978927e-02  9.56558780e-14 -2.27373675e-13],[-0.01639789],[5289.75],[86.74075309],[8.94791896]
2024-03-25,[67.5],"[[5.19871215e-01]
 [2.31011479e-04]
 [1.00078749e+03]]",-142.59306539971837,[-5.37745740e-01 -2.31011480e-04 -1.00078749e+03],[-1.78745254e-02 -2.25138213e-13 -5.68434189e-13],[-0.01787453],[5283.75],[94.44452365],[19.35145825]
2024-03-26,[64.],"[[5.17538650e-01]
 [2.33354141e-04]
 [9.94569159e+02]]",-138.2946665735984,[-5.35828812e-01 -2.33354141e-04 -9.94569159e+02],[-1.82901624e-02 -4.28449865e-13  3.41060513e-13],[-0.01829016],[5275.5],[96.4897516],[22.19508503]
2024-03-27,[74.],"[[5.23540141e-01]
 [2.33123538e-04]
 [9.92619249e+02]]",-147.09463006499675,[-5.40845840e-01 -2.33123539e-04 -9.92619249e+02],[-1.73056987e-02 -4.48410027e-13 -3.41060513e-13],[-0.0173057],[5303.5],[91.78077302],[18.68614295]
2024-03-28,[74.75],"[[5.23129002e-01]
 [2.34918113e-04]
 [9.87158276e+02]]",-152.7562943738857,[-5.40224118e-01 -2.34918113e-04 -9.87158276e+02],[-1.70951170e-02 -3.01359930e-13  6.82121026e-13],[-0.01709512],[5304.25],[90.67677418],[12.67047981]
2024-04-01,[69.25],"[[5.18117372e-01]
 [2.41868805e-04]
 [9.63157948e+02]]",-141.74552575893938,[-5.37561994e-01 -2.41868806e-04 -9.63157948e+02],[-1.94446219e-02 -3.70761039e-13  9.09494702e-13],[-0.01944462],[5289.5],[102.85232746],[30.3568017]
2024-04-02,[59.5],"[[5.10140586e-01]
 [2.45239775e-04]
 [9.53252699e+02]]",-131.65906598936508,[-5.29427223e-01 -2.45239775e-04 -9.53252699e+02],[-1.92866368e-02 -5.11573206e-14 -4.54747351e-13],[-0.01928664],[5258.5],[101.41877954],[29.25971355]
2024-04-03,[65.5],"[[5.14371541e-01]
 [2.46605461e-04]
 [9.50499476e+02]]",-133.62946482306435,[-5.33991049e-01 -2.46605461e-04 -9.50499476e+02],[-1.96195080e-02 -2.57077183e-13  4.54747351e-13],[-0.01961951],[5278.75],[103.56647772],[35.4370129]
2024-04-04,[44.75],"[[4.94264172e-01]
 [2.52498180e-04]
 [9.32705899e+02]]",-123.16900667331562,[-5.13771037e-01 -2.52498180e-04 -9.32705899e+02],[-1.95068654e-02 -1.96169578e-14  2.27373675e-13],[-0.01950687],[5200.75],[101.45033047],[23.0313238]
2024-04-05,[59.75],"[[5.07530885e-01]
 [2.51180856e-04]
 [9.35419828e+02]]",-131.54161669424474,[-5.27331315e-01 -2.51180856e-04 -9.35419828e+02],[-1.98004294e-02  3.91157376e-14  9.09494702e-13],[-0.01980043],[5255.75],[104.06610708],[32.27449039]
2024-04-08,[55.],"[[5.06672425e-01]
 [2.56329305e-04]
 [9.18859512e+02]]",-127.55789336024226,[-5.28284401e-01 -2.56329305e-04 -9.18859512e+02],[-2.16119758e-02 -1.19741890e-13  3.41060513e-13],[-0.02161198],[5255.25],[113.5763357],[41.01844234]
2024-04-09,[56.25],"[[5.07982547e-01]
 [2.57810889e-04]
 [9.14025218e+02]]",-119.89161238893453,[-5.31052228e-01 -2.57810889e-04 -9.14025218e+02],[-2.30696813e-02 -2.08247102e-13 -1.13686838e-13],[-0.02306968],[5262.],[121.39266288],[57.75105049]
2024-04-10,[38.5],"[[4.90549770e-01]
 [2.62874435e-04]
 [8.97975143e+02]]",-118.08391904263985,[-5.11135723e-01 -2.62874435e-04 -8.97975143e+02],[-2.05859528e-02 -7.36013355e-14 -3.41060513e-13],[-0.02058595],[5196.25],[106.9697572],[27.38583816]
2024-04-11,[49.],"[[5.02647176e-01]
 [2.62732705e-04]
 [8.99938933e+02]]",-121.89587279817005,[-5.24030427e-01 -2.62732706e-04 -8.99938933e+02],[-2.13832502e-02 -5.14160763e-13 -6.82121026e-13],[-0.02138325],[5244.5],[112.14445551],[39.24858271]
2024-04-12,[34.25],"[[4.80744457e-01]
 [2.68511414e-04]
 [8.80006812e+02]]",-110.68102847766667,[-5.02353584e-01 -2.68511414e-04 -8.80006812e+02],[-2.16091274e-02  4.41831901e-14 -2.27373675e-13],[-0.02160913],[5166.5],[111.64355657],[35.21252809]
2024-04-15,[24.5],"[[4.60873869e-01]
 [2.76793653e-04]
 [8.48482528e+02]]",-93.97279319026629,[-4.84614336e-01 -2.76793653e-04 -8.48482528e+02],[-2.37404667e-02 -1.35290433e-13 -1.13686838e-13],[-0.02374047],[5102.75],[121.14166645],[51.66887326]
2024-04-16,[20.],"[[4.61884128e-01]
 [2.79265139e-04]
 [8.44521528e+02]]",-88.62245526261145,[-4.86766175e-01 -2.79265139e-04 -8.44521528e+02],[-2.48820467e-02 -7.47079265e-14 -1.13686838e-13],[-0.02488205],[5106.5],[127.06017124],[58.43771598]
2024-04-17,[14.],"[[4.49790397e-01]
 [2.83052562e-04]
 [8.29768743e+02]]",-75.65381150763116,[-4.76594972e-01 -2.83052562e-04 -8.29768743e+02],[-2.68045756e-02 -4.07184703e-13  3.41060513e-13],[-0.02680458],[5066.25],[135.79868118],[74.14486967]
2024-04-18,[12.],"[[4.41118841e-01]
 [2.85994471e-04]
 [8.16962413e+02]]",-75.65804687559648,[-4.67861843e-01 -2.85994471e-04 -8.16962413e+02],[-2.67430020e-02 -1.73657529e-13  0.00000000e+00],[-0.026743],[5040.],[134.78472993],[71.12668305]
2024-04-19,[9.9],"[[4.29224486e-01]
 [2.89034991e-04]
 [8.01017809e+02]]",-69.50534794499526,[-4.56101685e-01 -2.89034991e-04 -8.01017809e+02],[-2.68771989e-02  9.25166519e-14  0.00000000e+00],[-0.0268772],[5003.5],[134.48006462],[74.87471667]
2024-04-22,[10.25],"[[4.38822044e-01]
 [2.95286407e-04]
 [7.92670305e+02]]",-74.19798789888642,[-4.65989729e-01 -2.95286406e-04 -7.92670305e+02],[-2.71676855e-02  4.15888136e-13  1.02318154e-12],[-0.02716769],[5046.],[137.08814093],[73.14015303]
2024-04-23,[14.75],"[[4.59034527e-01]
 [2.95676722e-04]
 [8.02372534e+02]]",-78.72883563410275,[-4.87031102e-01 -2.95676722e-04 -8.02372534e+02],[-2.79965751e-02  4.12777722e-13 -2.27373675e-13],[-0.02799658],[5116.25],[143.23747731],[79.25864168]
2024-04-24,[10.25],"[[4.45679159e-01]
 [2.99695036e-04]
 [7.86652682e+02]]",-74.3017250211555,[-4.74506136e-01 -2.99695036e-04 -7.86652682e+02],[-2.88269764e-02  4.24522613e-14  0.00000000e+00],[-0.02882698],[5075.],[146.29690543],[82.2451804]
2024-04-25,[13.],"[[4.58052333e-01]
 [3.01429217e-04]
 [7.89855543e+02]]",-77.36472399956745,[-4.86525817e-01 -3.01429217e-04 -7.89855543e+02],[-2.84734842e-02  1.31827763e-13 -7.95807864e-13],[-0.02847348],[5119.5],[145.77000255],[81.40527855]
2024-04-26,[13.25],"[[4.60902098e-01]
 [3.03738083e-04]
 [7.85688925e+02]]",-82.92476620348853,[-4.89181901e-01 -3.03738083e-04 -7.85688925e+02],[-2.82798033e-02  7.37442876e-14  2.27373675e-13],[-0.0282798],[5131.75],[145.12488066],[75.45011445]
2024-04-29,[12.5],"[[4.62045630e-01]
 [3.11888594e-04]
 [7.67425609e+02]]",-86.26518668334843,[-4.90211290e-01 -3.11888594e-04 -7.67425609e+02],[-2.81656601e-02  1.39344645e-13  3.41060513e-13],[-0.02816566],[5144.75],[144.90527974],[71.14009306]
2024-04-30,[6.05],"[[4.33145514e-01]
 [3.17494062e-04]
 [7.40774532e+02]]",-73.8280565063969,[-4.62854179e-01 -3.17494062e-04 -7.40774532e+02],[-2.97086654e-02 -7.57586268e-14 -5.68434189e-13],[-0.02970867],[5057.75],[150.25900242],[82.48094591]
2024-05-01,[6.3],"[[4.34441448e-01]
 [3.20848432e-04]
 [7.35510644e+02]]",-73.635044008573,[-4.64580832e-01 -3.20848433e-04 -7.35510644e+02],[-3.01393836e-02 -5.84132731e-13  0.00000000e+00],[-0.03013938],[5066.75],[152.70872193],[85.37367792]
2024-05-02,[8.5],"[[4.47134029e-01]
 [3.20762015e-04]
 [7.37536038e+02]]",-72.78682232167252,[-4.77548234e-01 -3.20762015e-04 -7.37536038e+02],[-3.04142043e-02 -8.91181660e-14  3.41060513e-13],[-0.0304142],[5106.75],[155.317738],[91.03091568]
2024-05-03,[13.],"[[4.63725289e-01]
 [3.22058339e-04]
 [7.41350536e+02]]",-86.75929034903076,[-4.92694117e-01 -3.22058339e-04 -7.41350536e+02],[-2.89688279e-02 -7.27081698e-14  4.54747351e-13],[-0.02896883],[5161.5],[149.5226052],[75.76331485]
2024-05-06,[19.],"[[4.74749309e-01]
 [3.30333167e-04]
 [7.26065879e+02]]",-91.90648222585638,[-5.05286765e-01 -3.30333167e-04 -7.26065879e+02],[-3.05374555e-02 -4.97655302e-14 -4.54747351e-13],[-0.03053746],[5205.5],[158.9627246],[86.05624238]
2024-05-07,[19.],"[[4.76666471e-01]
 [3.33688421e-04]
 [7.19841396e+02]]",-94.84042195123757,[-5.07387480e-01 -3.33688421e-04 -7.19841396e+02],[-3.07210084e-02  1.89498048e-13 -6.82121026e-13],[-0.03072101],[5214.],[160.17933766],[84.3389157]
2024-05-08,[15.75],"[[4.74635337e-01]
 [3.37905721e-04]
 [7.11715558e+02]]",-92.33529959341692,[-5.05756834e-01 -3.37905721e-04 -7.11715558e+02],[-3.11214963e-02  2.58831585e-13  4.54747351e-13],[-0.0311215],[5210.25],[162.15077591],[85.56547632]
2024-05-09,[21.],"[[4.84893376e-01]
 [3.40062627e-04]
 [7.08942511e+02]]",-99.42328073003743,[-5.14506651e-01 -3.40062627e-04 -7.08942511e+02],[-2.96132744e-02 -3.39254774e-13 -4.54747351e-13],[-0.02961327],[5243.5],[155.27720438],[76.85392365]
2024-05-10,[19.5],"[[4.83280332e-01]
 [3.44324635e-04]
 [7.00599269e+02]]",-105.72811708132676,[-5.12153898e-01 -3.44324635e-04 -7.00599269e+02],[-2.88735658e-02  1.30714504e-13  2.27373675e-13],[-0.02887357],[5241.5],[151.34079521],[65.11267813]
2024-05-13,[20.],"[[4.80723544e-01]
 [3.57857193e-04]
 [6.75638052e+02]]",-102.99412026284551,[-5.10947843e-01 -3.57857193e-04 -6.75638052e+02],[-3.02242995e-02 -1.71407268e-13 -4.54747351e-13],[-0.0302243],[5244.25],[158.50378279],[75.50966253]
2024-05-14,[24.75],"[[4.89516785e-01]
 [3.60985265e-04]
 [6.70987551e+02]]",-102.32861963367122,[-5.21138252e-01 -3.60985265e-04 -6.70987551e+02],[-3.16214675e-02  1.68638974e-14  1.13686838e-13],[-0.03162147],[5271.5],[166.69256587],[89.11394624]
2024-05-15,[41.],"[[5.12667377e-01]
 [3.61826396e-04]
 [6.70226848e+02]]",-122.35680506929543,[-5.40125880e-01 -3.61826397e-04 -6.70226848e+02],[-2.74585034e-02 -3.02494629e-13  1.13686838e-13],[-0.0274585],[5337.75],[146.56662632],[65.20982125]
2024-05-16,[32.25],"[[5.05865892e-01]
 [3.67224641e-04]
 [6.59779312e+02]]",-121.53710062810103,[-5.34202748e-01 -3.67224641e-04 -6.59779312e+02],[-2.83368559e-02 -2.18528808e-13 -3.41060513e-13],[-0.02833686],[5320.],[150.75207365],[61.46497302]
2024-05-17,[31.75],"[[5.07987182e-01]
 [3.72739431e-04]
 [6.51829523e+02]]",-117.16371338346943,[-5.36783292e-01 -3.72739431e-04 -6.51829523e+02],[-2.87961103e-02  6.22029555e-14  0.00000000e+00],[-0.02879611],[5327.75],[153.41847659],[68.00476321]
2024-05-20,[32.],"[[5.06794295e-01]
 [3.89815863e-04]
 [6.24138946e+02]]",-120.50844354104612,[-5.36100178e-01 -3.89815863e-04 -6.24138946e+02],[-2.93058827e-02  3.20810002e-14 -3.41060513e-13],[-0.02930588],[5331.5],[156.24431375],[67.73587021]
2024-05-21,[34.75],"[[5.11959976e-01]
 [3.94967783e-04]
 [6.16077684e+02]]",-118.52471161069728,[-5.41312253e-01 -3.94967783e-04 -6.16077684e+02],[-2.93522771e-02  3.16094644e-13  1.13686838e-13],[-0.02935228],[5346.5],[156.93194946],[73.15723785]
2024-05-22,[29.25],"[[5.09049757e-01]
 [4.03025071e-04]
 [6.06040803e+02]]",-114.846812270261,[-5.39087164e-01 -4.03025071e-04 -6.06040803e+02],[-3.00374069e-02 -5.56043384e-14 -1.13686838e-13],[-0.03003741],[5341.],[160.42979044],[74.83297817]
2024-05-23,[15.25],"[[4.86456386e-01]
 [4.12730549e-04]
 [5.90129810e+02]]",-108.58369995435271,[-5.18982846e-01 -4.12730548e-04 -5.90129810e+02],[-3.25264596e-02  1.71971812e-13  0.00000000e+00],[-0.03252646],[5287.75],[171.99178689],[78.65808694]
2024-05-24,[20.5],"[[4.99710750e-01]
 [4.14117634e-04]
 [5.83966543e+02]]",-108.84195266216088,[-5.31767257e-01 -4.14117634e-04 -5.83966543e+02],[-3.20565074e-02 -1.68658707e-13  4.54747351e-13],[-0.03205651],[5320.75],[170.56466161],[82.22270895]
2024-05-27,[22.5],"[[4.98296938e-01]
 [4.37969448e-04]
 [5.52518281e+02]]",-107.97969720341217,[-5.33279745e-01 -4.37969448e-04 -5.52518281e+02],[-3.49828062e-02  2.51274695e-14  1.13686838e-13],[-0.03498281],[5326.],[186.31842585],[100.83872865]
2024-05-28,[20.25],"[[4.93069424e-01]
 [4.52427653e-04]
 [5.40695191e+02]]",-107.82902801695971,[-5.27338815e-01 -4.52427653e-04 -5.40695191e+02],[-3.42693910e-02 -3.13406202e-13 -4.54747351e-13],[-0.03426939],[5318.75],[182.2703233],[94.69129528]
2024-05-29,[10.5],"[[4.67468616e-01]
 [4.65453452e-04]
 [5.22711998e+02]]",-98.47739448853729,[-5.06222687e-01 -4.65453452e-04 -5.22711998e+02],[-3.87540714e-02 -3.14793385e-13  1.13686838e-13],[-0.03875407],[5266.75],[204.10800559],[116.13061111]
2024-05-30,[7.7],"[[4.53731899e-01]
 [4.78261201e-04]
 [5.07317590e+02]]",-93.17462751322051,[-4.95367837e-01 -4.78261201e-04 -5.07317590e+02],[-4.16359379e-02 -3.73744113e-13 -6.25277607e-13],[-0.04163594],[5243.],[218.29722223],[132.82259471]
2024-05-31,[13.25],"[[4.79102043e-01]
 [4.87071549e-04]
 [5.03817499e+02]]",-93.84059891459165,[-5.17225653e-01 -4.87071549e-04 -5.03817499e+02],[-3.81236104e-02 -2.92172157e-13 -6.25277607e-13],[-0.03812361],[5299.25],[202.02654231],[121.4359434]
2024-06-03,[13.25],"[[4.71942386e-01]
 [5.25054841e-04]
 [4.65907299e+02]]",-95.85734957930713,[-5.13087492e-01 -5.25054841e-04 -4.65907299e+02],[-4.11451069e-02 -3.31967418e-13 -4.54747351e-13],[-0.04114511],[5296.75],[217.93534479],[135.32799521]
2024-06-04,[16.25],"[[4.77499153e-01]
 [5.40253511e-04]
 [4.54478419e+02]]",-94.8675151870523,[-5.17762969e-01 -5.40253512e-04 -4.54478419e+02],[-4.02638168e-02 -3.07561160e-13  1.70530257e-13],[-0.04026382],[5311.5],[213.86126287],[135.24374768]
2024-06-05,[34.5],"[[5.07580459e-01]
 [5.51442996e-04]
 [4.46232415e+02]]",-106.96107950167523,[-5.42249437e-01 -5.51442996e-04 -4.46232415e+02],[-3.46689779e-02 -3.19935159e-13 -3.41060513e-13],[-0.03466898],[5369.75],[186.16374383],[113.70266433]
2024-06-06,[29.75],"[[5.03268597e-01]
 [5.70479346e-04]
 [4.31898384e+02]]",-107.18776784672639,[-5.38289497e-01 -5.70479346e-04 -4.31898384e+02],[-3.50209004e-02 -5.27545672e-14  2.84217094e-13],[-0.0350209],[5364.25],[187.86086501],[110.42309716]
2024-06-07,[22.],"[[4.95507950e-01]
 [5.93113115e-04]
 [4.16678497e+02]]",-104.10697020855145,[-5.32295781e-01 -5.93113115e-04 -4.16678497e+02],[-3.67878310e-02 -7.16039641e-15 -5.11590770e-13],[-0.03678783],[5353.5],[196.94365302],[114.83668281]
2024-06-10,[26.75],"[[4.97891648e-01]
 [6.67823254e-04]
 [3.70387173e+02]]",-97.82623362449841,[-5.34630190e-01 -6.67823254e-04 -3.70387173e+02],[-3.67385419e-02 -1.77679919e-13  2.84217094e-13],[-0.03673854],[5366.25],[197.14820057],[126.07196694]
2024-06-11,[30.75],"[[5.08869447e-01]
 [6.99327728e-04]
 [3.54403367e+02]]",-99.26853256715259,[-5.41738949e-01 -6.99327728e-04 -3.54403367e+02],[-3.28695024e-02 -1.08580354e-13 -1.70530257e-13],[-0.0328695],[5384.75],[176.99405282],[108.47552026]
2024-06-12,[51.5],"[[5.45096406e-01]
 [7.24739063e-04]
 [3.37476074e+02]]",-112.89954461643502,[-5.62834068e-01 -7.24739063e-04 -3.37476074e+02],[-1.77376614e-02 -7.66343369e-14 -3.41060513e-13],[-0.01773766],[5436.],[96.42192722],[35.0223826]
2024-06-13,[50.],"[[5.47284727e-01]
 [7.68237745e-04]
 [3.18217418e+02]]",-106.6750009855009,[-5.62956154e-01 -7.68237745e-04 -3.18217418e+02],[-1.56714276e-02 -4.11454724e-15  2.27373675e-13],[-0.01567143],[5438.],[85.22122317],[28.54622218]
2024-06-14,[46.5],"[[5.46400998e-01]
 [8.22103817e-04]
 [2.97716954e+02]]",-740.9992021971811,[-1.43608732e+00 -8.22103818e-04 -2.97716954e+02],[-8.89686326e-01 -1.28693388e-12  1.36424205e-12],[-0.88968633],[5435.75],[4836.11244822],[4141.61324602]
2024-06-17,[82.5],"[[6.04579223e-01]
 [1.05107113e-03]
 [2.20676453e+02]]",-962.1351806552958,[-1.87335681e+00 -1.05107113e-03 -2.20676453e+02],[-1.26877759e+00 -2.39166261e-12 -4.74642547e-12],[-1.26877759],[5485.],[6959.24506843],[6079.60988777]
2024-06-18,[97.],"[[6.30508324e-01]
 [1.19824820e-03]
 [1.87712957e+02]]",-1301.3288815775345,[-2.08051579e+00 -1.19824820e-03 -1.87712957e+02],[-1.45000747e+00 -4.72707810e-13 -1.02318154e-12],[-1.45000747],[5495.5],[7968.51602908],[6764.1871475]
2024-06-19,[95.],"[[6.52998971e-01]
 [1.43668438e-03]
 [1.49989034e+02]]",-1943.9369505353104,[-2.48826281e+00 -1.43668439e-03 -1.49989034e+02],[-1.83526384e+00 -3.40138811e-12 -6.30961949e-12],[-1.83526384],[5494.5],[10083.85715275],[8234.92020221]
2024-06-20,[78.5],"[[6.74597062e-01]
 [1.97848676e-03]
 [1.03065069e+02]]",-1842.5461924547524,[-3.36240789e+00 -1.97848676e-03 -1.03065069e+02],[-2.68781083e+00 -2.28176939e-12 -1.75361947e-11],[-2.68781083],[5479.],[14726.51552801],[12962.46933556]
2024-06-21,[72.],"[[1.]
 [0.]
 [0.]]",0.0,[0. 0. 0.],[1. 0. 0.],[1.],[5464.],[-5464.],[-5392.]
